0,65,65,65,65,18,10,10,10,10,66,65,65,65,65,18,10,10,10,12,65,66,66,66,68,15,15,15,15,21,66,66,66,66,68,15,15,15,15,20,63,63,63,63,65,6,6,6,6,10,63,63,63,63,64,6,6,6,6,17,65,65,65,65,67,10,10,10,10,30,65,65,65,65,67,10,10,10,10,23,65,63,63,63,63,14,5,5,5,5,65,63,63,63,63,14,5,5,5,7,65,65,65,65,66,9,9,9,9,16,65,65,65,65,66,9,9,9,9,15,62,62,62,62,63,1,1,1,1,5,62,62,62,62,63,1,1,1,1,12,63,63,63,63,65,5,5,5,5,25,63,63,63,63,65,5,5,5,5,18
65,0,62,62,62,10,1,1,1,1,64,62,62,62,62,10,1,1,1,4,62,62,62,62,63,1,1,1,1,8,62,62,62,62,63,1,1,1,1,6,62,62,62,62,63,1,1,1,1,5,62,62,62,62,63,1,1,1,1,12,62,62,62,62,65,1,1,1,1,22,62,62,62,62,65,1,1,1,1,13,63,62,62,62,62,10,1,1,1,1,64,62,62,62,62,10,1,1,1,4,62,62,62,62,63,1,1,1,1,8,62,62,62,62,63,1,1,1,1,6,62,62,62,62,63,1,1,1,1,5,62,62,62,62,63,1,1,1,1,12,62,62,62,62,65,1,1,1,1,22,62,62,62,62,65,1,1,1,1,13
65,62,0,62,62,10,1,1,1,1,64,62,62,62,62,10,1,1,1,4,62,62,62,62,63,1,1,1,1,8,62,62,62,62,63,1,1,1,1,6,62,62,62,62,63,1,1,1,1,5,62,62,62,62,63,1,1,1,1,12,62,62,62,62,65,1,1,1,1,22,62,62,62,62,65,1,1,1,1,13,63,62,62,62,62,10,1,1,1,1,64,62,62,62,62,10,1,1,1,4,62,62,62,62,63,1,1,1,1,8,62,62,62,62,63,1,1,1,1,6,62,62,62,62,63,1,1,1,1,5,62,62,62,62,63,1,1,1,1,12,62,62,62,62,65,1,1,1,1,22,62,62,62,62,65,1,1,1,1,13
65,62,62,0,62,10,1,1,1,1,64,62,62,62,62,10,1,1,1,4,62,62,62,62,63,1,1,1,1,8,62,62,62,62,63,1,1,1,1,6,62,62,62,62,63,1,1,1,1,5,62,62,62,62,63,1,1,1,1,12,62,62,62,62,65,1,1,1,1,22,62,62,62,62,65,1,1,1,1,13,63,62,62,62,62,10,1,1,1,1,64,62,62,62,62,10,1,1,1,4,62,62,62,62,63,1,1,1,1,8,62,62,62,62,63,1,1,1,1,6,62,62,62,62,63,1,1,1,1,5,62,62,62,62,63,1,1,1,1,12,62,62,62,62,65,1,1,1,1,22,62,62,62,62,65,1,1,1,1,13
65,62,62,62,0,10,1,1,1,1,64,62,62,62,62,10,1,1,1,4,62,62,62,62,63,1,1,1,1,8,62,62,62,62,63,1,1,1,1,6,62,62,62,62,63,1,1,1,1,5,62,62,62,62,63,1,1,1,1,12,62,62,62,62,65,1,1,1,1,22,62,62,62,62,65,1,1,1,1,13,63,62,62,62,62,10,1,1,1,1,64,62,62,62,62,10,1,1,1,4,62,62,62,62,63,1,1,1,1,8,62,62,62,62,63,1,1,1,1,6,63,63,63,63,64,5,5,5,5,8,63,63,63,63,64,5,5,5,5,15,62,62,62,62,65,1,1,1,1,22,62,62,62,62,65,1,1,1,1,13
18,10,10,10,10,0,64,64,64,64,15,10,10,10,10,64,64,64,64,61,17,17,17,17,23,64,64,64,64,63,17,17,17,17,22,64,64,64,64,62,3,3,3,3,8,62,62,62,62,61,3,3,3,3,6,62,62,62,62,53,10,10,10,10,30,64,64,64,64,57,10,10,10,10,30,64,64,64,64,67,7,3,3,3,3,64,62,62,62,62,8,3,3,3,3,64,62,62,62,59,10,10,10,10,16,64,64,64,64,62,10,10,10,10,15,64,64,64,64,62,1,1,1,1,6,62,62,62,62,60,1,1,1,1,5,62,62,62,62,53,3,3,3,3,23,62,62,62,62,57,3,3,3,3,23,62,62,62,62,66
10,1,1,1,1,64,0,62,62,62,6,1,1,1,1,64,62,62,62,59,1,1,1,1,8,62,62,62,62,59,1,1,1,1,6,62,62,62,62,60,1,1,1,1,6,62,62,62,62,60,1,1,1,1,5,62,62,62,62,53,1,1,1,1,22,62,62,62,62,57,1,1,1,1,22,62,62,62,62,66,6,1,1,1,1,64,62,62,62,62,6,1,1,1,1,64,62,62,62,59,1,1,1,1,8,62,62,62,62,59,1,1,1,1,6,62,62,62,62,60,1,1,1,1,6,62,62,62,62,60,1,1,1,1,5,62,62,62,62,53,1,1,1,1,22,62,62,62,62,57,1,1,1,1,22,62,62,62,62,66
10,1,1,1,1,64,62,0,62,62,6,1,1,1,1,64,62,62,62,59,1,1,1,1,8,62,62,62,62,59,1,1,1,1,6,62,62,62,62,60,1,1,1,1,6,62,62,62,62,60,1,1,1,1,5,62,62,62,62,53,1,1,1,1,22,62,62,62,62,57,1,1,1,1,22,62,62,62,62,66,6,1,1,1,1,64,62,62,62,62,6,1,1,1,1,64,62,62,62,59,1,1,1,1,8,62,62,62,62,59,1,1,1,1,6,62,62,62,62,60,1,1,1,1,6,62,62,62,62,60,1,1,1,1,5,62,62,62,62,53,1,1,1,1,22,62,62,62,62,57,1,1,1,1,22,62,62,62,62,66
10,1,1,1,1,64,62,62,0,62,6,1,1,1,1,64,62,62,62,59,1,1,1,1,8,62,62,62,62,59,1,1,1,1,6,62,62,62,62,60,1,1,1,1,6,62,62,62,62,60,1,1,1,1,5,62,62,62,62,53,1,1,1,1,22,62,62,62,62,57,1,1,1,1,22,62,62,62,62,66,6,1,1,1,1,64,62,62,62,62,6,1,1,1,1,64,62,62,62,59,1,1,1,1,8,62,62,62,62,59,1,1,1,1,6,62,62,62,62,60,1,1,1,1,6,62,62,62,62,60,1,1,1,1,5,62,62,62,62,53,1,1,1,1,22,62,62,62,62,57,1,1,1,1,22,62,62,62,62,66
10,1,1,1,1,64,62,62,62,0,6,1,1,1,1,64,62,62,62,59,1,1,1,1,8,62,62,62,62,59,1,1,1,1,6,62,62,62,62,60,3,3,3,3,8,62,62,62,62,62,3,3,3,3,7,62,62,62,62,53,1,1,1,1,22,62,62,62,62,57,1,1,1,1,22,62,62,62,62,66,7,2,2,2,2,64,62,62,62,62,8,2,2,2,2,64,62,62,62,58,1,1,1,1,8,62,62,62,62,59,1,1,1,1,6,62,62,62,62,60,6,6,6,6,12,64,64,64,64,63,6,6,6,6,10,64,64,64,64,55,2,2,2,2,23,62,62,62,62,57,2,2,2,2,23,62,62,62,62,66
66,64,64,64,64,15,6,6,6,6,0,64,64,64,64,21,13,13,13,16,56,58,58,58,57,6,6,6,6,9,61,61,61,61,63,20,20,20,20,27,62,62,62,62,61,1,1,1,1,3,64,64,64,64,65,7,7,7,7,25,60,60,60,60,59,3,3,3,3,12,64,64,64,64,66,13,13,13,13,25,62,62,62,62,62,5,1,1,1,1,65,64,64,64,64,17,8,8,8,12,59,59,59,59,60,4,4,4,4,5,63,63,63,63,65,14,14,14,14,21,62,62,62,62,61,1,1,1,1,3,63,63,63,63,64,3,3,3,3,23,62,62,62,62,60,1,1,1,1,11,64,64,64,64,66,8,8,8,8,21
65,62,62,62,62,10,1,1,1,1,64,0,62,62,62,10,1,1,1,7,62,62,62,62,61,1,1,1,1,4,62,62,62,62,63,1,1,1,1,8,62,62,62,62,61,1,1,1,1,3,62,62,62,62,63,1,1,1,1,21,62,62,62,62,61,1,1,1,1,11,62,62,62,62,65,1,1,1,1,13,62,62,62,62,62,5,1,1,1,1,64,62,62,62,62,10,1,1,1,7,62,62,62,62,61,1,1,1,1,4,62,62,62,62,63,1,1,1,1,8,62,62,62,62,61,1,1,1,1,3,62,62,62,62,63,1,1,1,1,21,62,62,62,62,61,1,1,1,1,11,62,62,62,62,65,1,1,1,1,13
65,62,62,62,62,10,1,1,1,1,64,62,0,62,62,10,1,1,1,7,62,62,62,62,61,1,1,1,1,4,62,62,62,62,63,1,1,1,1,8,62,62,62,62,61,1,1,1,1,3,62,62,62,62,63,1,1,1,1,21,62,62,62,62,61,1,1,1,1,11,62,62,62,62,65,1,1,1,1,13,62,62,62,62,62,5,1,1,1,1,64,62,62,62,62,10,1,1,1,7,62,62,62,62,61,1,1,1,1,4,62,62,62,62,63,1,1,1,1,8,62,62,62,62,61,1,1,1,1,3,62,62,62,62,63,1,1,1,1,21,62,62,62,62,61,1,1,1,1,11,62,62,62,62,65,1,1,1,1,13
65,62,62,62,62,10,1,1,1,1,64,62,62,0,62,10,1,1,1,7,62,62,62,62,61,1,1,1,1,4,62,62,62,62,63,1,1,1,1,8,62,62,62,62,61,1,1,1,1,3,62,62,62,62,63,1,1,1,1,21,62,62,62,62,61,1,1,1,1,11,62,62,62,62,65,1,1,1,1,13,62,62,62,62,62,5,1,1,1,1,64,62,62,62,62,10,1,1,1,7,62,62,62,62,61,1,1,1,1,4,62,62,62,62,63,1,1,1,1,8,62,62,62,62,61,1,1,1,1,3,62,62,62,62,63,1,1,1,1,21,62,62,62,62,61,1,1,1,1,11,62,62,62,62,65,1,1,1,1,13
65,62,62,62,62,10,1,1,1,1,64,62,62,62,0,10,1,1,1,7,62,62,62,62,61,1,1,1,1,4,62,62,62,62,63,1,1,1,1,8,62,62,62,62,61,1,1,1,1,3,62,62,62,62,63,1,1,1,1,21,62,62,62,62,61,1,1,1,1,11,62,62,62,62,65,1,1,1,1,13,62,62,62,62,62,5,1,1,1,1,64,62,62,62,62,10,1,1,1,7,62,62,62,62,61,1,1,1,1,4,62,62,62,62,63,1,1,1,1,8,62,62,62,62,61,1,1,1,1,3,62,62,62,62,63,1,1,1,1,21,62,62,62,62,61,1,1,1,1,11,62,62,62,62,65,1,1,1,1,13
18,10,10,10,10,64,64,64,64,64,21,10,10,10,10,0,64,64,64,58,10,10,10,10,11,61,61,61,61,61,19,19,19,19,25,64,64,64,64,60,3,3,3,3,5,61,61,61,61,61,5,5,5,5,8,63,63,63,63,48,6,6,6,6,16,61,61,61,61,60,13,13,13,13,32,64,64,64,64,67,4,4,4,4,4,61,61,61,61,61,16,8,8,8,8,64,63,63,63,57,7,7,7,7,9,61,61,61,61,61,14,14,14,14,20,63,63,63,63,59,1,1,1,1,4,62,62,62,62,61,1,1,1,1,5,62,62,62,62,47,4,4,4,4,12,61,61,61,61,60,8,8,8,8,27,63,63,63,63,67
10,1,1,1,1,64,62,62,62,62,13,1,1,1,1,64,0,62,62,56,1,1,1,1,4,62,62,62,62,61,1,1,1,1,6,62,62,62,62,57,1,1,1,1,4,62,62,62,62,61,1,1,1,1,5,62,62,62,62,46,1,1,1,1,11,62,62,62,62,61,1,1,1,1,22,62,62,62,62,66,1,1,1,1,1,61,62,62,62,62,10,1,1,1,1,64,62,62,62,56,1,1,1,1,4,62,62,62,62,61,1,1,1,1,6,62,62,62,62,57,1,1,1,1,4,62,62,62,62,61,1,1,1,1,5,62,62,62,62,46,1,1,1,1,11,62,62,62,62,61,1,1,1,1,22,62,62,62,62,66
10,1,1,1,1,64,62,62,62,62,13,1,1,1,1,64,62,0,62,56,1,1,1,1,4,62,62,62,62,61,1,1,1,1,6,62,62,62,62,57,1,1,1,1,4,62,62,62,62,61,1,1,1,1,5,62,62,62,62,46,1,1,1,1,11,62,62,62,62,61,1,1,1,1,22,62,62,62,62,66,1,1,1,1,1,61,62,62,62,62,10,1,1,1,1,64,62,62,62,56,1,1,1,1,4,62,62,62,62,61,1,1,1,1,6,62,62,62,62,57,1,1,1,1,4,62,62,62,62,61,1,1,1,1,5,62,62,62,62,46,1,1,1,1,11,62,62,62,62,61,1,1,1,1,22,62,62,62,62,66
10,1,1,1,1,64,62,62,62,62,13,1,1,1,1,64,62,62,0,56,1,1,1,1,4,62,62,62,62,61,1,1,1,1,6,62,62,62,62,57,1,1,1,1,4,62,62,62,62,61,1,1,1,1,5,62,62,62,62,46,1,1,1,1,11,62,62,62,62,61,1,1,1,1,22,62,62,62,62,66,1,1,1,1,1,61,62,62,62,62,10,1,1,1,1,64,62,62,62,56,1,1,1,1,4,62,62,62,62,61,1,1,1,1,6,62,62,62,62,57,1,1,1,1,4,62,62,62,62,61,1,1,1,1,5,62,62,62,62,46,1,1,1,1,11,62,62,62,62,61,1,1,1,1,22,62,62,62,62,66
12,4,4,4,4,61,59,59,59,59,16,7,7,7,7,58,56,56,56,0,1,1,1,1,4,62,62,62,62,61,1,1,1,1,6,62,62,62,62,57,1,1,1,1,4,62,62,62,62,61,1,1,1,1,5,62,62,62,62,46,1,1,1,1,11,62,62,62,62,61,1,1,1,1,22,62,62,62,62,66,1,1,1,1,1,61,62,62,62,62,10,1,1,1,1,64,62,62,62,56,1,1,1,1,4,62,62,62,62,61,1,1,1,1,6,62,62,62,62,57,1,1,1,1,3,62,62,62,62,61,3,3,3,3,7,63,63,63,63,46,1,1,1,1,11,62,62,62,62,61,1,1,1,1,22,62,62,62,62,66
65,62,62,62,62,17,1,1,1,1,56,62,62,62,62,10,1,1,1,1,0,52,52,52,56,24,24,24,24,38,59,59,59,59,62,19,19,19,19,32,63,63,63,63,65,5,5,5,5,19,63,63,63,63,65,5,5,5,5,24,57,57,57,57,63,15,15,15,15,39,61,61,61,61,65,12,12,12,12,29,62,60,60,60,60,6,8,8,8,8,63,62,62,62,62,7,7,7,7,13,56,56,56,56,59,18,18,18,18,29,60,60,60,60,63,15,15,15,15,28,62,62,62,62,64,2,2,2,2,15,62,62,62,62,65,2,2,2,2,22,60,60,60,60,66,8,8,8,8,35,62,62,62,62,66,7,7,7,7,25
66,62,62,62,62,17,1,1,1,1,58,62,62,62,62,10,1,1,1,1,52,0,62,62,64,1,1,1,1,16,62,62,62,62,64,1,1,1,1,14,62,62,62,62,63,1,1,1,1,14,62,62,62,62,64,1,1,1,1,20,62,62,62,62,66,1,1,1,1,31,62,62,62,62,66,1,1,1,1,19,62,62,62,62,62,1,1,1,1,1,62,62,62,62,62,2,1,1,1,8,62,62,62,62,64,1,1,1,1,16,62,62,62,62,64,1,1,1,1,14,62,62,62,62,63,1,1,1,1,14,62,62,62,62,64,1,1,1,1,20,62,62,62,62,66,1,1,1,1,31,62,62,62,62,66,1,1,1,1,19
66,62,62,62,62,17,1,1,1,1,58,62,62,62,62,10,1,1,1,1,52,62,0,62,64,1,1,1,1,16,62,62,62,62,64,1,1,1,1,14,62,62,62,62,63,1,1,1,1,14,62,62,62,62,64,1,1,1,1,20,62,62,62,62,66,1,1,1,1,31,62,62,62,62,66,1,1,1,1,19,62,62,62,62,62,1,1,1,1,1,62,62,62,62,62,2,1,1,1,8,62,62,62,62,64,1,1,1,1,16,62,62,62,62,64,1,1,1,1,14,62,62,62,62,63,1,1,1,1,14,62,62,62,62,64,1,1,1,1,20,62,62,62,62,66,1,1,1,1,31,62,62,62,62,66,1,1,1,1,19
66,62,62,62,62,17,1,1,1,1,58,62,62,62,62,10,1,1,1,1,52,62,62,0,64,1,1,1,1,16,62,62,62,62,64,1,1,1,1,14,62,62,62,62,63,1,1,1,1,14,62,62,62,62,64,1,1,1,1,20,62,62,62,62,66,1,1,1,1,31,62,62,62,62,66,1,1,1,1,19,62,62,62,62,62,1,1,1,1,1,62,62,62,62,62,2,1,1,1,8,62,62,62,62,64,1,1,1,1,16,62,62,62,62,64,1,1,1,1,14,62,62,62,62,63,1,1,1,1,14,62,62,62,62,64,1,1,1,1,20,62,62,62,62,66,1,1,1,1,31,62,62,62,62,66,1,1,1,1,19
68,63,63,63,63,23,8,8,8,8,57,61,61,61,61,11,4,4,4,4,56,64,64,64,0,1,1,1,1,16,62,62,62,62,64,1,1,1,1,14,62,62,62,62,63,1,1,1,1,14,62,62,62,62,64,1,1,1,1,20,62,62,62,62,66,1,1,1,1,31,62,62,62,62,66,1,1,1,1,19,62,62,62,62,62,1,1,1,1,1,62,62,62,62,62,2,1,1,1,8,62,62,62,62,64,1,1,1,1,16,62,62,62,62,64,1,1,1,1,14,62,62,62,62,64,3,3,3,3,15,62,62,62,62,64,3,3,3,3,23,62,62,62,62,66,1,1,1,1,31,62,62,62,62,66,1,1,1,1,19
15,1,1,1,1,64,62,62,62,62,6,1,1,1,1,61,62,62,62,62,24,1,1,1,1,0,64,64,64,60,16,16,16,16,29,64,64,64,64,60,2,2,2,2,14,62,62,62,62,59,2,2,2,2,14,62,62,62,62,51,8,8,8,8,37,63,63,63,63,55,8,8,8,8,36,63,63,63,63,68,5,5,5,5,5,63,63,63,63,63,5,5,5,5,5,63,63,63,63,56,13,13,13,13,26,64,64,64,64,59,13,13,13,13,26,64,64,64,64,59,1,1,1,1,14,62,62,62,62,58,1,1,1,1,13,62,62,62,62,51,5,5,5,5,34,63,63,63,63,55,5,5,5,5,33,63,63,63,63,69
15,1,1,1,1,64,62,62,62,62,6,1,1,1,1,61,62,62,62,62,24,1,1,1,1,64,0,62,62,57,1,1,1,1,16,62,62,62,62,58,1,1,1,1,14,62,62,62,62,58,1,1,1,1,13,62,62,62,62,51,1,1,1,1,31,62,62,62,62,54,1,1,1,1,31,62,62,62,62,68,1,1,1,1,1,62,62,62,62,62,1,1,1,1,1,62,62,62,62,55,1,1,1,1,16,62,62,62,62,57,1,1,1,1,16,62,62,62,62,58,1,1,1,1,14,62,62,62,62,58,1,1,1,1,13,62,62,62,62,51,1,1,1,1,31,62,62,62,62,54,1,1,1,1,31,62,62,62,62,68
15,1,1,1,1,64,62,62,62,62,6,1,1,1,1,61,62,62,62,62,24,1,1,1,1,64,62,0,62,57,1,1,1,1,16,62,62,62,62,58,1,1,1,1,14,62,62,62,62,58,1,1,1,1,13,62,62,62,62,51,1,1,1,1,31,62,62,62,62,54,1,1,1,1,31,62,62,62,62,68,1,1,1,1,1,62,62,62,62,62,1,1,1,1,1,62,62,62,62,55,1,1,1,1,16,62,62,62,62,57,1,1,1,1,16,62,62,62,62,58,1,1,1,1,14,62,62,62,62,58,1,1,1,1,13,62,62,62,62,51,1,1,1,1,31,62,62,62,62,54,1,1,1,1,31,62,62,62,62,68
15,1,1,1,1,64,62,62,62,62,6,1,1,1,1,61,62,62,62,62,24,1,1,1,1,64,62,62,0,57,1,1,1,1,16,62,62,62,62,58,1,1,1,1,14,62,62,62,62,58,1,1,1,1,13,62,62,62,62,51,1,1,1,1,31,62,62,62,62,54,1,1,1,1,31,62,62,62,62,68,1,1,1,1,1,62,62,62,62,62,1,1,1,1,1,62,62,62,62,55,1,1,1,1,16,62,62,62,62,57,1,1,1,1,16,62,62,62,62,58,1,1,1,1,14,62,62,62,62,58,1,1,1,1,13,62,62,62,62,51,1,1,1,1,31,62,62,62,62,54,1,1,1,1,31,62,62,62,62,68
21,8,8,8,8,63,59,59,59,59,9,4,4,4,4,61,61,61,61,61,38,16,16,16,16,60,57,57,57,0,1,1,1,1,16,62,62,62,62,59,3,3,3,3,17,63,63,63,63,59,3,3,3,3,16,63,63,63,63,51,1,1,1,1,31,62,62,62,62,54,1,1,1,1,31,62,62,62,62,68,1,1,1,1,1,62,62,62,62,62,1,1,1,1,1,62,62,62,62,55,1,1,1,1,16,62,62,62,62,57,1,1,1,1,16,62,62,62,62,59,5,5,5,5,19,63,63,63,63,59,5,5,5,5,17,63,63,63,63,51,1,1,1,1,31,62,62,62,62,54,1,1,1,1,31,62,62,62,62,68
66,62,62,62,62,17,1,1,1,1,61,62,62,62,62,19,1,1,1,1,59,62,62,62,62,16,1,1,1,1,0,62,62,62,64,18,18,18,18,36,62,62,62,62,61,1,1,1,1,7,64,64,64,64,65,6,6,6,6,34,60,60,60,60,59,3,3,3,3,17,63,63,63,63,68,12,12,12,12,29,62,62,62,62,62,1,1,1,1,1,65,65,65,65,65,10,9,9,9,20,58,58,58,58,59,5,5,5,5,12,62,62,62,62,65,17,17,17,17,32,62,62,62,62,61,1,1,1,1,7,63,63,63,63,65,5,5,5,5,34,62,62,62,62,60,1,1,1,1,17,65,65,65,65,68,9,9,9,9,28
66,62,62,62,62,17,1,1,1,1,61,62,62,62,62,19,1,1,1,1,59,62,62,62,62,16,1,1,1,1,62,0,62,62,64,1,1,1,1,20,62,62,62,62,61,1,1,1,1,7,62,62,62,62,64,1,1,1,1,31,62,62,62,62,60,1,1,1,1,15,62,62,62,62,66,1,1,1,1,19,62,62,62,62,62,1,1,1,1,1,62,62,62,62,62,2,1,1,1,15,62,62,62,62,61,1,1,1,1,8,62,62,62,62,64,1,1,1,1,20,62,62,62,62,61,1,1,1,1,7,62,62,62,62,64,1,1,1,1,31,62,62,62,62,60,1,1,1,1,15,62,62,62,62,66,1,1,1,1,19
66,62,62,62,62,17,1,1,1,1,61,62,62,62,62,19,1,1,1,1,59,62,62,62,62,16,1,1,1,1,62,62,0,62,64,1,1,1,1,20,62,62,62,62,61,1,1,1,1,7,62,62,62,62,64,1,1,1,1,31,62,62,62,62,60,1,1,1,1,15,62,62,62,62,66,1,1,1,1,19,62,62,62,62,62,1,1,1,1,1,62,62,62,62,62,2,1,1,1,15,62,62,62,62,61,1,1,1,1,8,62,62,62,62,64,1,1,1,1,20,62,62,62,62,61,1,1,1,1,7,62,62,62,62,64,1,1,1,1,31,62,62,62,62,60,1,1,1,1,15,62,62,62,62,66,1,1,1,1,19
66,62,62,62,62,17,1,1,1,1,61,62,62,62,62,19,1,1,1,1,59,62,62,62,62,16,1,1,1,1,62,62,62,0,64,1,1,1,1,20,62,62,62,62,61,1,1,1,1,7,62,62,62,62,64,1,1,1,1,31,62,62,62,62,60,1,1,1,1,15,62,62,62,62,66,1,1,1,1,19,62,62,62,62,62,1,1,1,1,1,62,62,62,62,62,2,1,1,1,15,62,62,62,62,61,1,1,1,1,8,62,62,62,62,64,1,1,1,1,20,62,62,62,62,61,1,1,1,1,7,62,62,62,62,64,1,1,1,1,31,62,62,62,62,60,1,1,1,1,15,62,62,62,62,66,1,1,1,1,19
68,63,63,63,63,22,6,6,6,6,63,63,63,63,63,25,6,6,6,6,62,64,64,64,64,29,16,16,16,16,64,64,64,64,0,1,1,1,1,20,62,62,62,62,61,1,1,1,1,7,62,62,62,62,64,1,1,1,1,31,62,62,62,62,60,1,1,1,1,15,62,62,62,62,66,1,1,1,1,19,62,62,62,62,62,1,1,1,1,1,62,62,62,62,62,2,1,1,1,15,62,62,62,62,61,1,1,1,1,8,62,62,62,62,64,1,1,1,1,20,62,62,62,62,61,1,1,1,1,7,62,62,62,62,64,1,1,1,1,31,62,62,62,62,60,1,1,1,1,15,62,62,62,62,66,1,1,1,1,19
15,1,1,1,1,64,62,62,62,62,20,1,1,1,1,64,62,62,62,62,19,1,1,1,1,64,62,62,62,62,18,1,1,1,1,0,64,64,64,55,3,3,3,3,8,61,61,61,61,61,4,4,4,4,16,62,62,62,62,44,6,6,6,6,22,61,61,61,61,60,11,11,11,11,38,64,64,64,64,69,5,5,5,5,5,61,61,61,61,61,10,10,10,10,10,64,64,64,64,50,9,9,9,9,14,61,61,61,61,60,17,17,17,17,31,64,64,64,64,55,2,2,2,2,7,61,61,61,61,61,3,3,3,3,15,62,62,62,62,43,5,5,5,5,21,61,61,61,61,60,10,10,10,10,37,64,64,64,64,69
15,1,1,1,1,64,62,62,62,62,20,1,1,1,1,64,62,62,62,62,19,1,1,1,1,64,62,62,62,62,18,1,1,1,1,64,0,62,62,51,1,1,1,1,7,62,62,62,62,61,1,1,1,1,13,62,62,62,62,43,1,1,1,1,16,62,62,62,62,60,1,1,1,1,31,62,62,62,62,68,1,1,1,1,1,62,62,62,62,62,2,1,1,1,1,62,62,62,62,49,1,1,1,1,8,62,62,62,62,61,1,1,1,1,16,62,62,62,62,51,1,1,1,1,7,62,62,62,62,61,1,1,1,1,13,62,62,62,62,43,1,1,1,1,16,62,62,62,62,60,1,1,1,1,31,62,62,62,62,68
15,1,1,1,1,64,62,62,62,62,20,1,1,1,1,64,62,62,62,62,19,1,1,1,1,64,62,62,62,62,18,1,1,1,1,64,62,0,62,51,1,1,1,1,7,62,62,62,62,61,1,1,1,1,13,62,62,62,62,43,1,1,1,1,16,62,62,62,62,60,1,1,1,1,31,62,62,62,62,68,1,1,1,1,1,62,62,62,62,62,2,1,1,1,1,62,62,62,62,49,1,1,1,1,8,62,62,62,62,61,1,1,1,1,16,62,62,62,62,51,1,1,1,1,7,62,62,62,62,61,1,1,1,1,13,62,62,62,62,43,1,1,1,1,16,62,62,62,62,60,1,1,1,1,31,62,62,62,62,68
15,1,1,1,1,64,62,62,62,62,20,1,1,1,1,64,62,62,62,62,19,1,1,1,1,64,62,62,62,62,18,1,1,1,1,64,62,62,0,51,1,1,1,1,7,62,62,62,62,61,1,1,1,1,13,62,62,62,62,43,1,1,1,1,16,62,62,62,62,60,1,1,1,1,31,62,62,62,62,68,1,1,1,1,1,62,62,62,62,62,2,1,1,1,1,62,62,62,62,49,1,1,1,1,8,62,62,62,62,61,1,1,1,1,16,62,62,62,62,51,1,1,1,1,7,62,62,62,62,61,1,1,1,1,13,62,62,62,62,43,1,1,1,1,16,62,62,62,62,60,1,1,1,1,31,62,62,62,62,68
20,6,6,6,6,62,60,60,60,60,27,8,8,8,8,60,57,57,57,57,32,14,14,14,14,60,58,58,58,59,36,20,20,20,20,55,51,51,51,0,1,1,1,1,7,62,62,62,62,61,2,2,2,2,15,62,62,62,62,43,1,1,1,1,16,62,62,62,62,60,1,1,1,1,31,62,62,62,62,68,1,1,1,1,1,62,62,62,62,62,2,1,1,1,1,62,62,62,62,49,1,1,1,1,8,62,62,62,62,61,1,1,1,1,16,62,62,62,62,53,1,1,1,1,7,62,62,62,62,61,2,2,2,2,15,62,62,62,62,43,1,1,1,1,16,62,62,62,62,60,1,1,1,1,31,62,62,62,62,68
63,62,62,62,62,3,1,1,1,3,62,62,62,62,62,3,1,1,1,1,63,62,62,62,62,2,1,1,1,3,62,62,62,62,62,3,1,1,1,1,0,63,63,63,63,18,3,3,3,3,65,63,63,63,63,18,3,3,3,3,58,58,58,58,61,12,12,12,12,11,61,61,61,61,62,10,10,10,10,9,65,58,58,58,58,40,12,12,12,12,66,61,61,61,61,38,10,10,10,10,55,54,54,54,56,32,20,20,20,19,62,60,60,60,61,30,16,16,16,15,64,63,63,63,63,18,3,3,3,3,65,63,63,63,63,18,3,3,3,3,58,58,58,58,61,12,12,12,12,11,61,61,61,61,62,10,10,10,10,9
63,62,62,62,62,3,1,1,1,3,62,62,62,62,62,3,1,1,1,1,63,62,62,62,62,2,1,1,1,3,62,62,62,62,62,3,1,1,1,1,63,0,62,62,62,16,1,1,1,1,64,62,62,62,62,16,1,1,1,2,62,62,62,62,62,1,1,1,1,2,62,62,62,62,62,1,1,1,1,1,68,62,62,62,62,31,1,1,1,1,66,62,62,62,62,31,1,1,1,1,63,62,62,62,62,13,1,1,1,1,63,62,62,62,62,14,1,1,1,1,63,62,62,62,62,16,1,1,1,1,64,62,62,62,62,16,1,1,1,2,62,62,62,62,62,1,1,1,1,2,62,62,62,62,62,1,1,1,1,1
63,62,62,62,62,3,1,1,1,3,62,62,62,62,62,3,1,1,1,1,63,62,62,62,62,2,1,1,1,3,62,62,62,62,62,3,1,1,1,1,63,62,0,62,62,16,1,1,1,1,64,62,62,62,62,16,1,1,1,2,62,62,62,62,62,1,1,1,1,2,62,62,62,62,62,1,1,1,1,1,68,62,62,62,62,31,1,1,1,1,66,62,62,62,62,31,1,1,1,1,63,62,62,62,62,13,1,1,1,1,63,62,62,62,62,14,1,1,1,1,63,62,62,62,62,16,1,1,1,1,64,62,62,62,62,16,1,1,1,2,62,62,62,62,62,1,1,1,1,2,62,62,62,62,62,1,1,1,1,1
63,62,62,62,62,3,1,1,1,3,62,62,62,62,62,3,1,1,1,1,63,62,62,62,62,2,1,1,1,3,62,62,62,62,62,3,1,1,1,1,63,62,62,0,62,16,1,1,1,1,64,62,62,62,62,16,1,1,1,2,62,62,62,62,62,1,1,1,1,2,62,62,62,62,62,1,1,1,1,1,68,62,62,62,62,31,1,1,1,1,66,62,62,62,62,31,1,1,1,1,63,62,62,62,62,13,1,1,1,1,63,62,62,62,62,14,1,1,1,1,63,62,62,62,62,16,1,1,1,1,64,62,62,62,62,16,1,1,1,2,62,62,62,62,62,1,1,1,1,2,62,62,62,62,62,1,1,1,1,1
65,63,63,63,63,8,6,6,6,8,61,61,61,61,61,5,4,4,4,4,65,63,63,63,63,14,14,14,14,17,61,61,61,61,61,8,7,7,7,7,63,62,62,62,0,16,2,2,2,2,64,62,62,62,62,16,2,2,2,3,62,62,62,62,62,1,1,1,1,2,62,62,62,62,62,1,1,1,1,1,68,62,62,62,62,31,1,1,1,1,66,62,62,62,62,31,1,1,1,1,63,62,62,62,62,13,1,1,1,1,63,62,62,62,62,14,1,1,1,1,63,62,62,62,62,16,1,1,1,1,64,62,62,62,62,16,1,1,1,2,62,62,62,62,62,1,1,1,1,2,62,62,62,62,62,1,1,1,1,1
6,1,1,1,1,62,62,62,62,62,1,1,1,1,1,61,62,62,62,62,5,1,1,1,1,62,62,62,62,63,1,1,1,1,1,61,62,62,62,62,18,16,16,16,16,0,62,62,62,62,9,1,1,1,1,64,62,62,62,62,6,6,6,6,7,63,63,63,63,63,6,6,6,6,6,63,63,63,63,63,25,8,8,8,8,67,63,63,63,63,23,8,8,8,8,66,63,63,63,63,22,14,14,14,14,65,63,63,63,63,22,14,14,14,14,65,63,63,63,63,9,1,1,1,1,64,62,62,62,62,9,1,1,1,1,64,62,62,62,62,8,8,8,8,8,63,63,63,63,63,8,8,8,8,8,63,63,63,63,63
6,1,1,1,1,62,62,62,62,62,1,1,1,1,1,61,62,62,62,62,5,1,1,1,1,62,62,62,62,63,1,1,1,1,1,61,62,62,62,62,3,1,1,1,2,62,0,62,62,62,9,1,1,1,1,64,62,62,62,61,1,1,1,1,2,62,62,62,62,61,1,1,1,1,1,62,62,62,62,62,19,1,1,1,1,66,62,62,62,62,19,1,1,1,1,66,62,62,62,62,8,1,1,1,1,64,62,62,62,62,9,1,1,1,1,63,62,62,62,62,9,1,1,1,1,64,62,62,62,62,9,1,1,1,1,64,62,62,62,61,1,1,1,1,2,62,62,62,62,61,1,1,1,1,1,62,62,62,62,62
6,1,1,1,1,62,62,62,62,62,1,1,1,1,1,61,62,62,62,62,5,1,1,1,1,62,62,62,62,63,1,1,1,1,1,61,62,62,62,62,3,1,1,1,2,62,62,0,62,62,9,1,1,1,1,64,62,62,62,61,1,1,1,1,2,62,62,62,62,61,1,1,1,1,1,62,62,62,62,62,19,1,1,1,1,66,62,62,62,62,19,1,1,1,1,66,62,62,62,62,8,1,1,1,1,64,62,62,62,62,9,1,1,1,1,63,62,62,62,62,9,1,1,1,1,64,62,62,62,62,9,1,1,1,1,64,62,62,62,61,1,1,1,1,2,62,62,62,62,61,1,1,1,1,1,62,62,62,62,62
6,1,1,1,1,62,62,62,62,62,1,1,1,1,1,61,62,62,62,62,5,1,1,1,1,62,62,62,62,63,1,1,1,1,1,61,62,62,62,62,3,1,1,1,2,62,62,62,0,62,9,1,1,1,1,64,62,62,62,61,1,1,1,1,2,62,62,62,62,61,1,1,1,1,1,62,62,62,62,62,19,1,1,1,1,66,62,62,62,62,19,1,1,1,1,66,62,62,62,62,8,1,1,1,1,64,62,62,62,62,9,1,1,1,1,63,62,62,62,62,9,1,1,1,1,64,62,62,62,62,9,1,1,1,1,64,62,62,62,61,1,1,1,1,2,62,62,62,62,61,1,1,1,1,1,62,62,62,62,62
10,5,5,5,5,61,60,60,60,62,3,3,3,3,3,61,61,61,61,61,19,14,14,14,14,59,58,58,58,59,7,7,7,7,7,61,61,61,61,61,3,1,1,1,2,62,62,62,62,0,14,5,5,5,5,65,63,63,63,62,1,1,1,1,2,62,62,62,62,61,1,1,1,1,1,62,62,62,62,62,19,1,1,1,1,66,62,62,62,62,19,1,1,1,1,66,62,62,62,62,8,1,1,1,1,64,62,62,62,62,9,1,1,1,1,63,62,62,62,62,12,3,3,3,3,65,63,63,63,63,12,3,3,3,3,65,63,63,63,62,1,1,1,1,2,62,62,62,62,61,1,1,1,1,1,62,62,62,62,62
63,62,62,62,62,3,1,1,1,3,64,62,62,62,62,5,1,1,1,1,63,62,62,62,62,2,1,1,1,3,64,62,62,62,62,4,1,1,1,2,65,64,64,64,64,9,9,9,9,14,0,63,63,63,63,20,5,5,5,5,61,62,62,62,62,1,1,1,1,2,65,65,65,65,65,9,9,9,9,9,62,60,60,60,60,18,3,3,3,3,65,63,63,63,63,39,12,12,12,12,58,57,57,57,57,11,6,6,6,6,63,62,62,62,62,31,18,18,18,18,61,62,62,62,62,8,1,1,1,1,65,64,64,64,64,21,6,6,6,6,59,60,60,60,61,3,3,3,3,2,63,63,63,63,63,12,12,12,12,12
63,62,62,62,62,3,1,1,1,3,64,62,62,62,62,5,1,1,1,1,63,62,62,62,62,2,1,1,1,3,64,62,62,62,62,4,1,1,1,2,63,62,62,62,62,1,1,1,1,5,63,0,62,62,62,16,1,1,1,3,62,62,62,62,62,1,1,1,1,2,62,62,62,62,62,1,1,1,1,1,62,62,62,62,62,15,1,1,1,1,64,62,62,62,62,31,1,1,1,1,61,62,62,62,62,7,1,1,1,1,63,62,62,62,62,14,1,1,1,1,61,62,62,62,62,8,1,1,1,1,64,62,62,62,62,16,1,1,1,3,62,62,62,62,62,1,1,1,1,2,62,62,62,62,62,1,1,1,1,1
63,62,62,62,62,3,1,1,1,3,64,62,62,62,62,5,1,1,1,1,63,62,62,62,62,2,1,1,1,3,64,62,62,62,62,4,1,1,1,2,63,62,62,62,62,1,1,1,1,5,63,62,0,62,62,16,1,1,1,3,62,62,62,62,62,1,1,1,1,2,62,62,62,62,62,1,1,1,1,1,62,62,62,62,62,15,1,1,1,1,64,62,62,62,62,31,1,1,1,1,61,62,62,62,62,7,1,1,1,1,63,62,62,62,62,14,1,1,1,1,61,62,62,62,62,8,1,1,1,1,64,62,62,62,62,16,1,1,1,3,62,62,62,62,62,1,1,1,1,2,62,62,62,62,62,1,1,1,1,1
63,62,62,62,62,3,1,1,1,3,64,62,62,62,62,5,1,1,1,1,63,62,62,62,62,2,1,1,1,3,64,62,62,62,62,4,1,1,1,2,63,62,62,62,62,1,1,1,1,5,63,62,62,0,62,16,1,1,1,3,62,62,62,62,62,1,1,1,1,2,62,62,62,62,62,1,1,1,1,1,62,62,62,62,62,15,1,1,1,1,64,62,62,62,62,31,1,1,1,1,61,62,62,62,62,7,1,1,1,1,63,62,62,62,62,14,1,1,1,1,61,62,62,62,62,8,1,1,1,1,64,62,62,62,62,16,1,1,1,3,62,62,62,62,62,1,1,1,1,2,62,62,62,62,62,1,1,1,1,1
64,63,63,63,63,6,5,5,5,7,65,63,63,63,63,8,5,5,5,5,65,64,64,64,64,14,13,13,13,16,65,64,64,64,64,16,13,13,13,15,63,62,62,62,62,1,1,1,1,5,63,62,62,62,0,16,1,1,1,3,62,62,62,62,62,1,1,1,1,2,62,62,62,62,62,1,1,1,1,1,62,62,62,62,62,15,1,1,1,1,64,62,62,62,62,31,1,1,1,1,61,62,62,62,62,7,1,1,1,1,63,62,62,62,62,14,1,1,1,1,61,62,62,62,62,8,1,1,1,1,64,62,62,62,62,16,1,1,1,3,62,62,62,62,62,1,1,1,1,2,62,62,62,62,62,1,1,1,1,1
6,1,1,1,1,62,62,62,62,62,7,1,1,1,1,63,62,62,62,62,5,1,1,1,1,62,62,62,62,63,6,1,1,1,1,62,62,62,62,62,18,16,16,16,16,64,64,64,64,65,20,16,16,16,16,0,62,62,62,62,5,5,5,5,4,61,61,61,61,61,8,8,8,8,8,63,63,63,63,63,8,6,6,6,6,60,61,61,61,61,38,13,13,13,13,67,64,64,64,64,9,10,10,10,10,60,61,61,61,61,32,19,19,19,19,66,64,64,64,64,3,3,3,3,3,61,61,61,61,61,18,5,5,5,5,65,63,63,63,63,6,6,6,6,6,61,61,61,61,61,13,13,13,13,13,64,64,64,64,64
6,1,1,1,1,62,62,62,62,62,7,1,1,1,1,63,62,62,62,62,5,1,1,1,1,62,62,62,62,63,6,1,1,1,1,62,62,62,62,62,3,1,1,1,2,62,62,62,62,63,5,1,1,1,1,62,0,62,62,60,1,1,1,1,2,62,62,62,62,62,1,1,1,1,1,62,62,62,62,62,3,1,1,1,1,60,62,62,62,62,29,1,1,1,1,66,62,62,62,62,1,1,1,1,1,61,62,62,62,62,14,1,1,1,1,63,62,62,62,62,1,1,1,1,1,61,62,62,62,62,15,1,1,1,1,64,62,62,62,60,1,1,1,1,2,62,62,62,62,62,1,1,1,1,1,62,62,62,62,62
6,1,1,1,1,62,62,62,62,62,7,1,1,1,1,63,62,62,62,62,5,1,1,1,1,62,62,62,62,63,6,1,1,1,1,62,62,62,62,62,3,1,1,1,2,62,62,62,62,63,5,1,1,1,1,62,62,0,62,60,1,1,1,1,2,62,62,62,62,62,1,1,1,1,1,62,62,62,62,62,3,1,1,1,1,60,62,62,62,62,29,1,1,1,1,66,62,62,62,62,1,1,1,1,1,61,62,62,62,62,14,1,1,1,1,63,62,62,62,62,1,1,1,1,1,61,62,62,62,62,15,1,1,1,1,64,62,62,62,60,1,1,1,1,2,62,62,62,62,62,1,1,1,1,1,62,62,62,62,62
6,1,1,1,1,62,62,62,62,62,7,1,1,1,1,63,62,62,62,62,5,1,1,1,1,62,62,62,62,63,6,1,1,1,1,62,62,62,62,62,3,1,1,1,2,62,62,62,62,63,5,1,1,1,1,62,62,62,0,60,1,1,1,1,2,62,62,62,62,62,1,1,1,1,1,62,62,62,62,62,3,1,1,1,1,60,62,62,62,62,29,1,1,1,1,66,62,62,62,62,1,1,1,1,1,61,62,62,62,62,14,1,1,1,1,63,62,62,62,62,1,1,1,1,1,61,62,62,62,62,15,1,1,1,1,64,62,62,62,60,1,1,1,1,2,62,62,62,62,62,1,1,1,1,1,62,62,62,62,62
17,12,12,12,12,53,53,53,53,53,25,21,21,21,21,48,46,46,46,46,24,20,20,20,20,51,51,51,51,51,34,31,31,31,31,44,43,43,43,43,3,2,2,2,3,62,61,61,61,62,5,3,3,3,3,62,60,60,60,0,1,1,1,1,2,62,62,62,62,62,1,1,1,1,1,62,62,62,62,62,3,1,1,1,1,60,62,62,62,62,29,1,1,1,1,66,62,62,62,62,1,1,1,1,1,61,62,62,62,62,14,1,1,1,1,63,62,62,62,62,1,1,1,1,1,61,62,62,62,62,15,1,1,1,1,64,62,62,62,60,1,1,1,1,2,62,62,62,62,62,1,1,1,1,1,62,62,62,62,62
65,62,62,62,62,10,1,1,1,1,60,62,62,62,62,6,1,1,1,1,57,62,62,62,62,8,1,1,1,1,60,62,62,62,62,6,1,1,1,1,58,62,62,62,62,6,1,1,1,1,61,62,62,62,62,5,1,1,1,1,0,60,60,60,62,9,9,9,9,18,62,62,62,62,64,8,8,8,8,13,63,57,57,57,57,32,15,15,15,15,64,61,61,61,61,31,12,12,12,12,53,52,52,52,52,27,24,24,24,24,60,59,59,59,59,24,19,19,19,19,64,63,63,63,63,11,5,5,5,5,65,63,63,63,63,11,5,5,5,9,57,57,57,57,60,15,15,15,15,21,61,61,61,61,62,12,12,12,12,17
65,62,62,62,62,10,1,1,1,1,60,62,62,62,62,6,1,1,1,1,57,62,62,62,62,8,1,1,1,1,60,62,62,62,62,6,1,1,1,1,58,62,62,62,62,6,1,1,1,1,62,62,62,62,62,5,1,1,1,1,60,0,62,62,64,1,1,1,1,10,62,62,62,62,64,1,1,1,1,6,66,62,62,62,62,22,1,1,1,1,65,62,62,62,62,22,1,1,1,1,63,62,62,62,62,5,1,1,1,1,63,62,62,62,62,6,1,1,1,1,63,62,62,62,62,6,1,1,1,1,63,62,62,62,62,8,1,1,1,6,62,62,62,62,64,1,1,1,1,10,62,62,62,62,64,1,1,1,1,6
65,62,62,62,62,10,1,1,1,1,60,62,62,62,62,6,1,1,1,1,57,62,62,62,62,8,1,1,1,1,60,62,62,62,62,6,1,1,1,1,58,62,62,62,62,6,1,1,1,1,62,62,62,62,62,5,1,1,1,1,60,62,0,62,64,1,1,1,1,10,62,62,62,62,64,1,1,1,1,6,66,62,62,62,62,22,1,1,1,1,65,62,62,62,62,22,1,1,1,1,63,62,62,62,62,5,1,1,1,1,63,62,62,62,62,6,1,1,1,1,63,62,62,62,62,6,1,1,1,1,63,62,62,62,62,8,1,1,1,6,62,62,62,62,64,1,1,1,1,10,62,62,62,62,64,1,1,1,1,6
65,62,62,62,62,10,1,1,1,1,60,62,62,62,62,6,1,1,1,1,57,62,62,62,62,8,1,1,1,1,60,62,62,62,62,6,1,1,1,1,58,62,62,62,62,6,1,1,1,1,62,62,62,62,62,5,1,1,1,1,60,62,62,0,64,1,1,1,1,10,62,62,62,62,64,1,1,1,1,6,66,62,62,62,62,22,1,1,1,1,65,62,62,62,62,22,1,1,1,1,63,62,62,62,62,5,1,1,1,1,63,62,62,62,62,6,1,1,1,1,63,62,62,62,62,6,1,1,1,1,63,62,62,62,62,8,1,1,1,6,62,62,62,62,64,1,1,1,1,10,62,62,62,62,64,1,1,1,1,6
67,65,65,65,65,30,22,22,22,22,59,61,61,61,61,16,11,11,11,11,63,66,66,66,66,37,31,31,31,31,59,60,60,60,60,22,16,16,16,16,61,62,62,62,62,7,2,2,2,2,62,62,62,62,62,4,2,2,2,2,62,64,64,64,0,1,1,1,1,10,62,62,62,62,64,1,1,1,1,6,66,62,62,62,62,22,1,1,1,1,65,62,62,62,62,22,1,1,1,1,63,62,62,62,62,5,1,1,1,1,63,62,62,62,62,6,1,1,1,1,63,62,62,62,62,6,1,1,1,1,63,62,62,62,62,8,1,1,1,6,62,62,62,62,64,1,1,1,1,10,62,62,62,62,64,1,1,1,1,6
10,1,1,1,1,64,62,62,62,62,3,1,1,1,1,61,62,62,62,62,15,1,1,1,1,63,62,62,62,62,3,1,1,1,1,61,62,62,62,62,12,1,1,1,1,63,62,62,62,62,1,1,1,1,1,61,62,62,62,62,9,1,1,1,1,0,63,63,63,61,5,5,5,5,13,63,63,63,63,64,21,10,10,10,10,66,64,64,64,64,21,10,10,10,10,66,64,64,64,64,19,17,17,17,17,65,64,64,64,64,20,17,17,17,17,65,64,64,64,64,6,3,3,3,3,63,62,62,62,62,6,3,3,3,3,64,62,62,62,57,10,10,10,10,18,64,64,64,64,62,10,10,10,10,18,64,64,64,64,65
10,1,1,1,1,64,62,62,62,62,3,1,1,1,1,61,62,62,62,62,15,1,1,1,1,63,62,62,62,62,3,1,1,1,1,61,62,62,62,62,12,1,1,1,1,63,62,62,62,62,1,1,1,1,1,61,62,62,62,62,9,1,1,1,1,63,0,62,62,59,1,1,1,1,10,62,62,62,62,63,13,1,1,1,1,65,62,62,62,62,13,1,1,1,1,65,62,62,62,62,3,1,1,1,1,63,62,62,62,62,3,1,1,1,1,63,62,62,62,62,4,1,1,1,1,63,62,62,62,62,5,1,1,1,1,63,62,62,62,57,1,1,1,1,10,62,62,62,62,59,1,1,1,1,10,62,62,62,62,63
10,1,1,1,1,64,62,62,62,62,3,1,1,1,1,61,62,62,62,62,15,1,1,1,1,63,62,62,62,62,3,1,1,1,1,61,62,62,62,62,12,1,1,1,1,63,62,62,62,62,1,1,1,1,1,61,62,62,62,62,9,1,1,1,1,63,62,0,62,59,1,1,1,1,10,62,62,62,62,63,13,1,1,1,1,65,62,62,62,62,13,1,1,1,1,65,62,62,62,62,3,1,1,1,1,63,62,62,62,62,3,1,1,1,1,63,62,62,62,62,4,1,1,1,1,63,62,62,62,62,5,1,1,1,1,63,62,62,62,57,1,1,1,1,10,62,62,62,62,59,1,1,1,1,10,62,62,62,62,63
10,1,1,1,1,64,62,62,62,62,3,1,1,1,1,61,62,62,62,62,15,1,1,1,1,63,62,62,62,62,3,1,1,1,1,61,62,62,62,62,12,1,1,1,1,63,62,62,62,62,1,1,1,1,1,61,62,62,62,62,9,1,1,1,1,63,62,62,0,59,1,1,1,1,10,62,62,62,62,63,13,1,1,1,1,65,62,62,62,62,13,1,1,1,1,65,62,62,62,62,3,1,1,1,1,63,62,62,62,62,3,1,1,1,1,63,62,62,62,62,4,1,1,1,1,63,62,62,62,62,5,1,1,1,1,63,62,62,62,57,1,1,1,1,10,62,62,62,62,59,1,1,1,1,10,62,62,62,62,63
30,22,22,22,22,57,57,57,57,57,12,11,11,11,11,60,61,61,61,61,39,31,31,31,31,55,54,54,54,54,17,15,15,15,15,60,60,60,60,60,11,2,2,2,2,63,61,61,61,61,2,2,2,2,2,61,62,62,62,62,18,10,10,10,10,61,59,59,59,0,1,1,1,1,10,62,62,62,62,64,13,1,1,1,1,65,62,62,62,62,13,1,1,1,1,65,62,62,62,62,3,1,1,1,1,63,62,62,62,62,3,1,1,1,1,63,62,62,62,62,6,2,2,2,2,63,62,62,62,62,6,2,2,2,2,64,62,62,62,57,1,1,1,1,10,62,62,62,62,59,1,1,1,1,10,62,62,62,62,63
65,62,62,62,62,10,1,1,1,1,64,62,62,62,62,13,1,1,1,1,61,62,62,62,62,8,1,1,1,1,63,62,62,62,62,11,1,1,1,1,61,62,62,62,62,6,1,1,1,1,65,62,62,62,62,8,1,1,1,1,62,62,62,62,62,5,1,1,1,1,0,64,64,64,66,9,9,9,9,14,61,59,59,59,59,14,4,4,4,4,64,63,63,63,63,33,14,14,14,14,57,57,57,57,57,7,7,7,7,7,61,61,61,61,61,26,21,21,21,21,62,62,62,62,62,4,1,1,1,1,64,64,64,64,64,14,8,8,8,16,59,59,59,59,60,4,4,4,4,6,63,63,63,63,65,14,14,14,14,19
65,62,62,62,62,10,1,1,1,1,64,62,62,62,62,13,1,1,1,1,61,62,62,62,62,8,1,1,1,1,63,62,62,62,62,11,1,1,1,1,61,62,62,62,62,6,1,1,1,1,65,62,62,62,62,8,1,1,1,1,62,62,62,62,62,5,1,1,1,1,64,0,62,62,64,1,1,1,1,6,62,62,62,62,62,11,1,1,1,1,64,62,62,62,62,22,1,1,1,1,62,62,62,62,62,3,1,1,1,1,63,62,62,62,62,6,1,1,1,1,62,62,62,62,62,4,1,1,1,1,63,62,62,62,62,8,1,1,1,10,62,62,62,62,61,1,1,1,1,5,62,62,62,62,64,1,1,1,1,6
65,62,62,62,62,10,1,1,1,1,64,62,62,62,62,13,1,1,1,1,61,62,62,62,62,8,1,1,1,1,63,62,62,62,62,11,1,1,1,1,61,62,62,62,62,6,1,1,1,1,65,62,62,62,62,8,1,1,1,1,62,62,62,62,62,5,1,1,1,1,64,62,0,62,64,1,1,1,1,6,62,62,62,62,62,11,1,1,1,1,64,62,62,62,62,22,1,1,1,1,62,62,62,62,62,3,1,1,1,1,63,62,62,62,62,6,1,1,1,1,62,62,62,62,62,4,1,1,1,1,63,62,62,62,62,8,1,1,1,10,62,62,62,62,61,1,1,1,1,5,62,62,62,62,64,1,1,1,1,6
65,62,62,62,62,10,1,1,1,1,64,62,62,62,62,13,1,1,1,1,61,62,62,62,62,8,1,1,1,1,63,62,62,62,62,11,1,1,1,1,61,62,62,62,62,6,1,1,1,1,65,62,62,62,62,8,1,1,1,1,62,62,62,62,62,5,1,1,1,1,64,62,62,0,64,1,1,1,1,6,62,62,62,62,62,11,1,1,1,1,64,62,62,62,62,22,1,1,1,1,62,62,62,62,62,3,1,1,1,1,63,62,62,62,62,6,1,1,1,1,62,62,62,62,62,4,1,1,1,1,63,62,62,62,62,8,1,1,1,10,62,62,62,62,61,1,1,1,1,5,62,62,62,62,64,1,1,1,1,6
67,65,65,65,65,30,22,22,22,22,66,65,65,65,65,32,22,22,22,22,65,66,66,66,66,36,31,31,31,31,68,66,66,66,66,38,31,31,31,31,62,62,62,62,62,6,1,1,1,1,65,62,62,62,62,8,1,1,1,1,64,64,64,64,64,13,10,10,10,10,66,64,64,64,0,1,1,1,1,6,62,62,62,62,62,11,1,1,1,1,64,62,62,62,62,22,1,1,1,1,62,62,62,62,62,3,1,1,1,1,63,62,62,62,62,6,1,1,1,1,62,62,62,62,62,4,1,1,1,1,63,62,62,62,62,8,1,1,1,10,62,62,62,62,61,1,1,1,1,5,62,62,62,62,64,1,1,1,1,6
10,1,1,1,1,64,62,62,62,62,13,1,1,1,1,64,62,62,62,62,12,1,1,1,1,63,62,62,62,62,12,1,1,1,1,64,62,62,62,62,10,1,1,1,1,63,62,62,62,62,9,1,1,1,1,63,62,62,62,62,8,1,1,1,1,63,62,62,62,62,9,1,1,1,1,0,63,63,63,65,8,7,7,7,7,61,61,61,61,61,33,14,14,14,14,67,63,63,63,63,10,11,11,11,11,60,61,61,61,61,25,22,22,22,22,65,65,65,65,65,4,4,4,4,4,61,61,61,61,61,13,8,8,8,8,65,63,63,63,53,7,7,7,7,10,61,61,61,61,61,14,14,14,14,23,63,63,63,63,65
10,1,1,1,1,64,62,62,62,62,13,1,1,1,1,64,62,62,62,62,12,1,1,1,1,63,62,62,62,62,12,1,1,1,1,64,62,62,62,62,10,1,1,1,1,63,62,62,62,62,9,1,1,1,1,63,62,62,62,62,8,1,1,1,1,63,62,62,62,62,9,1,1,1,1,63,0,62,62,63,2,1,1,1,1,61,62,62,62,62,21,1,1,1,1,65,62,62,62,62,1,1,1,1,1,61,62,62,62,62,5,1,1,1,1,63,62,62,62,62,1,1,1,1,1,61,62,62,62,62,8,1,1,1,1,63,62,62,62,53,1,1,1,1,5,62,62,62,62,61,1,1,1,1,10,62,62,62,62,63
10,1,1,1,1,64,62,62,62,62,13,1,1,1,1,64,62,62,62,62,12,1,1,1,1,63,62,62,62,62,12,1,1,1,1,64,62,62,62,62,10,1,1,1,1,63,62,62,62,62,9,1,1,1,1,63,62,62,62,62,8,1,1,1,1,63,62,62,62,62,9,1,1,1,1,63,62,0,62,63,2,1,1,1,1,61,62,62,62,62,21,1,1,1,1,65,62,62,62,62,1,1,1,1,1,61,62,62,62,62,5,1,1,1,1,63,62,62,62,62,1,1,1,1,1,61,62,62,62,62,8,1,1,1,1,63,62,62,62,53,1,1,1,1,5,62,62,62,62,61,1,1,1,1,10,62,62,62,62,63
10,1,1,1,1,64,62,62,62,62,13,1,1,1,1,64,62,62,62,62,12,1,1,1,1,63,62,62,62,62,12,1,1,1,1,64,62,62,62,62,10,1,1,1,1,63,62,62,62,62,9,1,1,1,1,63,62,62,62,62,8,1,1,1,1,63,62,62,62,62,9,1,1,1,1,63,62,62,0,63,2,1,1,1,1,61,62,62,62,62,21,1,1,1,1,65,62,62,62,62,1,1,1,1,1,61,62,62,62,62,5,1,1,1,1,63,62,62,62,62,1,1,1,1,1,61,62,62,62,62,8,1,1,1,1,63,62,62,62,53,1,1,1,1,5,62,62,62,62,61,1,1,1,1,10,62,62,62,62,63
23,13,13,13,13,67,66,66,66,66,25,13,13,13,13,67,66,66,66,66,29,19,19,19,19,68,68,68,68,68,29,19,19,19,19,69,68,68,68,68,9,1,1,1,1,63,62,62,62,62,9,1,1,1,1,63,62,62,62,62,13,6,6,6,6,64,63,63,63,64,14,6,6,6,6,65,63,63,63,0,2,1,1,1,1,61,62,62,62,62,21,1,1,1,1,65,62,62,62,62,1,1,1,1,1,61,62,62,62,62,5,1,1,1,1,63,62,62,62,62,1,1,1,1,1,61,62,62,62,62,8,1,1,1,1,63,62,62,62,53,1,1,1,1,5,62,62,62,62,61,1,1,1,1,10,62,62,62,62,63
65,63,63,63,63,7,6,6,6,7,62,62,62,62,62,4,1,1,1,1,62,62,62,62,62,5,1,1,1,1,62,62,62,62,62,5,1,1,1,1,65,68,68,68,68,25,19,19,19,19,62,62,62,62,62,8,3,3,3,3,63,66,66,66,66,21,13,13,13,13,61,62,62,62,62,8,2,2,2,2,0,56,56,56,56,23,18,18,18,18,62,60,60,60,60,21,15,15,15,17,51,51,51,51,53,26,27,27,27,33,59,59,59,59,60,21,21,21,21,27,62,60,60,60,61,6,8,8,8,12,63,62,62,62,63,6,7,7,7,18,56,56,56,56,59,18,18,18,18,35,60,60,60,60,63,15,15,15,15,27
63,62,62,62,62,3,1,1,1,2,62,62,62,62,62,4,1,1,1,1,60,62,62,62,62,5,1,1,1,1,62,62,62,62,62,5,1,1,1,1,58,62,62,62,62,8,1,1,1,1,60,62,62,62,62,6,1,1,1,1,57,62,62,62,62,10,1,1,1,1,59,62,62,62,62,7,1,1,1,1,56,0,62,62,62,10,1,1,1,1,64,62,62,62,62,10,1,1,1,4,62,62,62,62,63,1,1,1,1,8,62,62,62,62,63,1,1,1,1,6,62,62,62,62,63,1,1,1,1,5,62,62,62,62,63,1,1,1,1,12,62,62,62,62,65,1,1,1,1,22,62,62,62,62,65,1,1,1,1,13
63,62,62,62,62,3,1,1,1,2,62,62,62,62,62,4,1,1,1,1,60,62,62,62,62,5,1,1,1,1,62,62,62,62,62,5,1,1,1,1,58,62,62,62,62,8,1,1,1,1,60,62,62,62,62,6,1,1,1,1,57,62,62,62,62,10,1,1,1,1,59,62,62,62,62,7,1,1,1,1,56,62,0,62,62,10,1,1,1,1,64,62,62,62,62,10,1,1,1,4,62,62,62,62,63,1,1,1,1,8,62,62,62,62,63,1,1,1,1,6,62,62,62,62,63,1,1,1,1,5,62,62,62,62,63,1,1,1,1,12,62,62,62,62,65,1,1,1,1,22,62,62,62,62,65,1,1,1,1,13
63,62,62,62,62,3,1,1,1,2,62,62,62,62,62,4,1,1,1,1,60,62,62,62,62,5,1,1,1,1,62,62,62,62,62,5,1,1,1,1,58,62,62,62,62,8,1,1,1,1,60,62,62,62,62,6,1,1,1,1,57,62,62,62,62,10,1,1,1,1,59,62,62,62,62,7,1,1,1,1,56,62,62,0,62,10,1,1,1,1,64,62,62,62,62,10,1,1,1,4,62,62,62,62,63,1,1,1,1,8,62,62,62,62,63,1,1,1,1,6,62,62,62,62,63,1,1,1,1,5,62,62,62,62,63,1,1,1,1,12,62,62,62,62,65,1,1,1,1,22,62,62,62,62,65,1,1,1,1,13
63,62,62,62,62,3,1,1,1,2,62,62,62,62,62,4,1,1,1,1,60,62,62,62,62,5,1,1,1,1,62,62,62,62,62,5,1,1,1,1,58,62,62,62,62,8,1,1,1,1,60,62,62,62,62,6,1,1,1,1,57,62,62,62,62,10,1,1,1,1,59,62,62,62,62,7,1,1,1,1,56,62,62,62,0,10,1,1,1,1,64,62,62,62,62,10,1,1,1,4,62,62,62,62,63,1,1,1,1,8,62,62,62,62,63,1,1,1,1,6,62,62,62,62,63,1,1,1,1,5,62,62,62,62,63,1,1,1,1,12,62,62,62,62,65,1,1,1,1,22,62,62,62,62,65,1,1,1,1,13
14,10,10,10,10,64,64,64,64,64,5,5,5,5,5,61,61,61,61,61,6,1,1,1,1,63,62,62,62,62,1,1,1,1,1,61,62,62,62,62,40,31,31,31,31,67,66,66,66,66,18,15,15,15,15,60,60,60,60,60,32,22,22,22,22,66,65,65,65,65,14,11,11,11,11,61,61,61,61,61,23,10,10,10,10,0,64,64,64,64,16,11,11,11,11,65,64,64,64,61,18,18,18,18,24,64,64,64,64,63,18,18,18,18,23,64,64,64,64,63,4,4,4,4,9,62,62,62,62,62,4,4,4,4,8,62,62,62,62,54,11,11,11,11,30,64,64,64,64,58,11,11,11,11,30,64,64,64,64,67
5,1,1,1,1,62,62,62,62,62,1,1,1,1,1,61,62,62,62,62,8,1,1,1,1,63,62,62,62,62,1,1,1,1,1,61,62,62,62,62,12,1,1,1,1,63,62,62,62,62,3,1,1,1,1,61,62,62,62,62,15,1,1,1,1,64,62,62,62,62,4,1,1,1,1,61,62,62,62,62,18,1,1,1,1,64,0,62,62,62,6,1,1,1,1,64,62,62,62,59,1,1,1,1,8,62,62,62,62,59,1,1,1,1,6,62,62,62,62,60,1,1,1,1,6,62,62,62,62,60,1,1,1,1,5,62,62,62,62,53,1,1,1,1,22,62,62,62,62,57,1,1,1,1,22,62,62,62,62,66
5,1,1,1,1,62,62,62,62,62,1,1,1,1,1,61,62,62,62,62,8,1,1,1,1,63,62,62,62,62,1,1,1,1,1,61,62,62,62,62,12,1,1,1,1,63,62,62,62,62,3,1,1,1,1,61,62,62,62,62,15,1,1,1,1,64,62,62,62,62,4,1,1,1,1,61,62,62,62,62,18,1,1,1,1,64,62,0,62,62,6,1,1,1,1,64,62,62,62,59,1,1,1,1,8,62,62,62,62,59,1,1,1,1,6,62,62,62,62,60,1,1,1,1,6,62,62,62,62,60,1,1,1,1,5,62,62,62,62,53,1,1,1,1,22,62,62,62,62,57,1,1,1,1,22,62,62,62,62,66
5,1,1,1,1,62,62,62,62,62,1,1,1,1,1,61,62,62,62,62,8,1,1,1,1,63,62,62,62,62,1,1,1,1,1,61,62,62,62,62,12,1,1,1,1,63,62,62,62,62,3,1,1,1,1,61,62,62,62,62,15,1,1,1,1,64,62,62,62,62,4,1,1,1,1,61,62,62,62,62,18,1,1,1,1,64,62,62,0,62,6,1,1,1,1,64,62,62,62,59,1,1,1,1,8,62,62,62,62,59,1,1,1,1,6,62,62,62,62,60,1,1,1,1,6,62,62,62,62,60,1,1,1,1,5,62,62,62,62,53,1,1,1,1,22,62,62,62,62,57,1,1,1,1,22,62,62,62,62,66
5,1,1,1,1,62,62,62,62,62,1,1,1,1,1,61,62,62,62,62,8,1,1,1,1,63,62,62,62,62,1,1,1,1,1,61,62,62,62,62,12,1,1,1,1,63,62,62,62,62,3,1,1,1,1,61,62,62,62,62,15,1,1,1,1,64,62,62,62,62,4,1,1,1,1,61,62,62,62,62,18,1,1,1,1,64,62,62,62,0,6,1,1,1,1,64,62,62,62,59,1,1,1,1,8,62,62,62,62,59,1,1,1,1,6,62,62,62,62,60,2,2,2,2,8,62,62,62,62,61,2,2,2,2,6,62,62,62,62,52,1,1,1,1,22,62,62,62,62,57,1,1,1,1,22,62,62,62,62,66
65,64,64,64,64,8,6,6,6,8,65,64,64,64,64,16,10,10,10,10,63,62,62,62,62,5,1,1,1,1,65,62,62,62,62,10,2,2,2,2,66,66,66,66,66,23,19,19,19,19,65,64,64,64,64,38,29,29,29,29,64,65,65,65,65,21,13,13,13,13,64,64,64,64,64,33,21,21,21,21,62,64,64,64,64,16,6,6,6,6,0,63,63,63,63,21,14,14,14,18,56,57,57,57,57,7,7,7,7,9,61,61,61,61,63,21,21,21,21,28,62,62,62,62,61,1,1,1,1,3,64,64,64,64,65,8,8,8,8,26,59,59,59,59,59,4,4,4,4,13,63,63,63,63,66,14,14,14,14,25
63,62,62,62,62,3,1,1,1,2,64,62,62,62,62,8,1,1,1,1,62,62,62,62,62,5,1,1,1,1,65,62,62,62,62,10,1,1,1,1,61,62,62,62,62,8,1,1,1,1,63,62,62,62,62,13,1,1,1,1,61,62,62,62,62,10,1,1,1,1,63,62,62,62,62,14,1,1,1,1,60,62,62,62,62,11,1,1,1,1,63,0,62,62,62,10,1,1,1,7,62,62,62,62,61,1,1,1,1,4,62,62,62,62,63,1,1,1,1,8,62,62,62,62,61,1,1,1,1,3,62,62,62,62,63,1,1,1,1,21,62,62,62,62,61,1,1,1,1,11,62,62,62,62,65,1,1,1,1,13
63,62,62,62,62,3,1,1,1,2,64,62,62,62,62,8,1,1,1,1,62,62,62,62,62,5,1,1,1,1,65,62,62,62,62,10,1,1,1,1,61,62,62,62,62,8,1,1,1,1,63,62,62,62,62,13,1,1,1,1,61,62,62,62,62,10,1,1,1,1,63,62,62,62,62,14,1,1,1,1,60,62,62,62,62,11,1,1,1,1,63,62,0,62,62,10,1,1,1,7,62,62,62,62,61,1,1,1,1,4,62,62,62,62,63,1,1,1,1,8,62,62,62,62,61,1,1,1,1,3,62,62,62,62,63,1,1,1,1,21,62,62,62,62,61,1,1,1,1,11,62,62,62,62,65,1,1,1,1,13
63,62,62,62,62,3,1,1,1,2,64,62,62,62,62,8,1,1,1,1,62,62,62,62,62,5,1,1,1,1,65,62,62,62,62,10,1,1,1,1,61,62,62,62,62,8,1,1,1,1,63,62,62,62,62,13,1,1,1,1,61,62,62,62,62,10,1,1,1,1,63,62,62,62,62,14,1,1,1,1,60,62,62,62,62,11,1,1,1,1,63,62,62,0,62,10,1,1,1,7,62,62,62,62,61,1,1,1,1,4,62,62,62,62,63,1,1,1,1,8,62,62,62,62,61,1,1,1,1,3,62,62,62,62,63,1,1,1,1,21,62,62,62,62,61,1,1,1,1,11,62,62,62,62,65,1,1,1,1,13
63,62,62,62,62,3,1,1,1,2,64,62,62,62,62,8,1,1,1,1,62,62,62,62,62,5,1,1,1,1,65,62,62,62,62,10,1,1,1,1,61,62,62,62,62,8,1,1,1,1,63,62,62,62,62,13,1,1,1,1,61,62,62,62,62,10,1,1,1,1,63,62,62,62,62,14,1,1,1,1,60,62,62,62,62,11,1,1,1,1,63,62,62,62,0,10,1,1,1,7,62,62,62,62,61,1,1,1,1,4,62,62,62,62,63,1,1,1,1,8,62,62,62,62,61,1,1,1,1,3,62,62,62,62,63,1,1,1,1,21,62,62,62,62,61,1,1,1,1,11,62,62,62,62,65,1,1,1,1,13
14,10,10,10,10,64,64,64,64,64,17,10,10,10,10,64,64,64,64,64,7,2,2,2,2,63,62,62,62,62,10,2,2,2,2,64,62,62,62,62,38,31,31,31,31,66,66,66,66,66,39,31,31,31,31,67,66,66,66,66,31,22,22,22,22,66,65,65,65,65,33,22,22,22,22,67,65,65,65,65,21,10,10,10,10,65,64,64,64,64,21,10,10,10,10,0,64,64,64,59,10,10,10,10,12,61,61,61,61,60,21,21,21,21,25,65,65,65,65,60,4,4,4,4,5,61,61,61,61,61,6,6,6,6,10,63,63,63,63,48,7,7,7,7,17,61,61,61,61,61,13,13,13,13,33,64,64,64,64,67
5,1,1,1,1,62,62,62,62,62,8,1,1,1,1,63,62,62,62,62,7,1,1,1,1,63,62,62,62,62,9,1,1,1,1,64,62,62,62,62,10,1,1,1,1,63,62,62,62,62,12,1,1,1,1,64,62,62,62,62,12,1,1,1,1,64,62,62,62,62,14,1,1,1,1,63,62,62,62,62,15,1,1,1,1,64,62,62,62,62,14,1,1,1,1,64,0,62,62,56,1,1,1,1,4,62,62,62,62,61,1,1,1,1,6,62,62,62,62,57,1,1,1,1,4,62,62,62,62,61,1,1,1,1,5,62,62,62,62,46,1,1,1,1,11,62,62,62,62,61,1,1,1,1,22,62,62,62,62,66
5,1,1,1,1,62,62,62,62,62,8,1,1,1,1,63,62,62,62,62,7,1,1,1,1,63,62,62,62,62,9,1,1,1,1,64,62,62,62,62,10,1,1,1,1,63,62,62,62,62,12,1,1,1,1,64,62,62,62,62,12,1,1,1,1,64,62,62,62,62,14,1,1,1,1,63,62,62,62,62,15,1,1,1,1,64,62,62,62,62,14,1,1,1,1,64,62,0,62,56,1,1,1,1,4,62,62,62,62,61,1,1,1,1,6,62,62,62,62,57,1,1,1,1,4,62,62,62,62,61,1,1,1,1,5,62,62,62,62,46,1,1,1,1,11,62,62,62,62,61,1,1,1,1,22,62,62,62,62,66
5,1,1,1,1,62,62,62,62,62,8,1,1,1,1,63,62,62,62,62,7,1,1,1,1,63,62,62,62,62,9,1,1,1,1,64,62,62,62,62,10,1,1,1,1,63,62,62,62,62,12,1,1,1,1,64,62,62,62,62,12,1,1,1,1,64,62,62,62,62,14,1,1,1,1,63,62,62,62,62,15,1,1,1,1,64,62,62,62,62,14,1,1,1,1,64,62,62,0,56,1,1,1,1,4,62,62,62,62,61,1,1,1,1,6,62,62,62,62,57,1,1,1,1,4,62,62,62,62,61,1,1,1,1,5,62,62,62,62,46,1,1,1,1,11,62,62,62,62,61,1,1,1,1,22,62,62,62,62,66
7,4,4,4,4,59,59,59,59,58,12,7,7,7,7,57,56,56,56,56,13,8,8,8,8,56,55,55,55,55,20,15,15,15,15,50,49,49,49,49,10,1,1,1,1,63,62,62,62,62,12,1,1,1,1,64,62,62,62,62,12,1,1,1,1,64,62,62,62,62,14,1,1,1,1,63,62,62,62,62,17,4,4,4,4,61,59,59,59,59,18,7,7,7,7,59,56,56,56,0,1,1,1,1,4,62,62,62,62,61,1,1,1,1,6,62,62,62,62,57,1,1,1,1,4,62,62,62,62,61,1,1,1,1,5,62,62,62,62,46,1,1,1,1,11,62,62,62,62,61,1,1,1,1,22,62,62,62,62,66
65,62,62,62,62,10,1,1,1,1,59,62,62,62,62,7,1,1,1,1,56,62,62,62,62,13,1,1,1,1,58,62,62,62,62,9,1,1,1,1,55,63,63,63,63,22,8,8,8,8,58,61,61,61,61,9,1,1,1,1,53,63,63,63,63,19,3,3,3,3,57,62,62,62,62,10,1,1,1,1,51,62,62,62,62,18,1,1,1,1,56,62,62,62,62,10,1,1,1,1,0,52,52,52,55,25,25,25,25,39,59,59,59,59,62,20,20,20,20,34,62,62,62,62,65,6,6,6,6,20,62,62,62,62,65,6,6,6,6,25,57,57,57,57,61,16,16,16,16,41,61,61,61,61,65,13,13,13,13,30
65,62,62,62,62,10,1,1,1,1,59,62,62,62,62,7,1,1,1,1,56,62,62,62,62,13,1,1,1,1,58,62,62,62,62,9,1,1,1,1,54,62,62,62,62,14,1,1,1,1,57,62,62,62,62,10,1,1,1,1,52,62,62,62,62,17,1,1,1,1,57,62,62,62,62,11,1,1,1,1,51,62,62,62,62,18,1,1,1,1,57,62,62,62,62,10,1,1,1,1,52,0,62,62,64,1,1,1,1,16,62,62,62,62,64,1,1,1,1,14,62,62,62,62,63,1,1,1,1,14,62,62,62,62,64,1,1,1,1,20,62,62,62,62,66,1,1,1,1,31,62,62,62,62,66,1,1,1,1,19
65,62,62,62,62,10,1,1,1,1,59,62,62,62,62,7,1,1,1,1,56,62,62,62,62,13,1,1,1,1,58,62,62,62,62,9,1,1,1,1,54,62,62,62,62,14,1,1,1,1,57,62,62,62,62,10,1,1,1,1,52,62,62,62,62,17,1,1,1,1,57,62,62,62,62,11,1,1,1,1,51,62,62,62,62,18,1,1,1,1,57,62,62,62,62,10,1,1,1,1,52,62,0,62,64,1,1,1,1,16,62,62,62,62,64,1,1,1,1,14,62,62,62,62,63,1,1,1,1,14,62,62,62,62,64,1,1,1,1,20,62,62,62,62,66,1,1,1,1,31,62,62,62,62,66,1,1,1,1,19
65,62,62,62,62,10,1,1,1,1,59,62,62,62,62,7,1,1,1,1,56,62,62,62,62,13,1,1,1,1,58,62,62,62,62,9,1,1,1,1,54,62,62,62,62,14,1,1,1,1,57,62,62,62,62,10,1,1,1,1,52,62,62,62,62,17,1,1,1,1,57,62,62,62,62,11,1,1,1,1,51,62,62,62,62,18,1,1,1,1,57,62,62,62,62,10,1,1,1,1,52,62,62,0,64,1,1,1,1,16,62,62,62,62,64,1,1,1,1,14,62,62,62,62,63,1,1,1,1,14,62,62,62,62,64,1,1,1,1,20,62,62,62,62,66,1,1,1,1,31,62,62,62,62,66,1,1,1,1,19
66,63,63,63,63,16,8,8,8,8,60,61,61,61,61,9,4,4,4,4,59,64,64,64,64,26,16,16,16,16,59,61,61,61,61,14,8,8,8,8,56,62,62,62,62,14,1,1,1,1,57,62,62,62,62,10,1,1,1,1,52,62,62,62,62,17,1,1,1,1,57,62,62,62,62,11,1,1,1,1,53,63,63,63,63,24,8,8,8,8,57,61,61,61,61,12,4,4,4,4,55,64,64,64,0,1,1,1,1,16,62,62,62,62,64,1,1,1,1,14,62,62,62,62,63,1,1,1,1,14,62,62,62,62,64,1,1,1,1,20,62,62,62,62,66,1,1,1,1,31,62,62,62,62,66,1,1,1,1,19
9,1,1,1,1,64,62,62,62,62,4,1,1,1,1,61,62,62,62,62,18,1,1,1,1,64,62,62,62,62,5,1,1,1,1,61,62,62,62,62,32,13,13,13,13,65,64,64,64,64,11,7,7,7,7,60,61,61,61,61,27,5,5,5,5,65,63,63,63,63,7,3,3,3,3,60,61,61,61,61,26,1,1,1,1,64,62,62,62,62,7,1,1,1,1,61,62,62,62,62,25,1,1,1,1,0,64,64,64,61,17,17,17,17,31,64,64,64,64,60,3,3,3,3,15,62,62,62,62,59,3,3,3,3,15,62,62,62,62,51,10,10,10,10,39,64,64,64,64,55,10,10,10,10,37,64,64,64,64,69
9,1,1,1,1,64,62,62,62,62,4,1,1,1,1,61,62,62,62,62,18,1,1,1,1,64,62,62,62,62,5,1,1,1,1,61,62,62,62,62,20,1,1,1,1,63,62,62,62,62,6,1,1,1,1,61,62,62,62,62,24,1,1,1,1,64,62,62,62,62,7,1,1,1,1,61,62,62,62,62,27,1,1,1,1,64,62,62,62,62,7,1,1,1,1,61,62,62,62,62,25,1,1,1,1,64,0,62,62,57,1,1,1,1,16,62,62,62,62,58,1,1,1,1,14,62,62,62,62,58,1,1,1,1,13,62,62,62,62,51,1,1,1,1,31,62,62,62,62,54,1,1,1,1,31,62,62,62,62,68
9,1,1,1,1,64,62,62,62,62,4,1,1,1,1,61,62,62,62,62,18,1,1,1,1,64,62,62,62,62,5,1,1,1,1,61,62,62,62,62,20,1,1,1,1,63,62,62,62,62,6,1,1,1,1,61,62,62,62,62,24,1,1,1,1,64,62,62,62,62,7,1,1,1,1,61,62,62,62,62,27,1,1,1,1,64,62,62,62,62,7,1,1,1,1,61,62,62,62,62,25,1,1,1,1,64,62,0,62,57,1,1,1,1,16,62,62,62,62,58,1,1,1,1,14,62,62,62,62,58,1,1,1,1,13,62,62,62,62,51,1,1,1,1,31,62,62,62,62,54,1,1,1,1,31,62,62,62,62,68
9,1,1,1,1,64,62,62,62,62,4,1,1,1,1,61,62,62,62,62,18,1,1,1,1,64,62,62,62,62,5,1,1,1,1,61,62,62,62,62,20,1,1,1,1,63,62,62,62,62,6,1,1,1,1,61,62,62,62,62,24,1,1,1,1,64,62,62,62,62,7,1,1,1,1,61,62,62,62,62,27,1,1,1,1,64,62,62,62,62,7,1,1,1,1,61,62,62,62,62,25,1,1,1,1,64,62,62,0,57,1,1,1,1,16,62,62,62,62,58,1,1,1,1,14,62,62,62,62,58,1,1,1,1,13,62,62,62,62,51,1,1,1,1,31,62,62,62,62,54,1,1,1,1,31,62,62,62,62,68
16,8,8,8,8,62,59,59,59,59,5,4,4,4,4,61,61,61,61,61,29,16,16,16,16,59,57,57,57,57,12,8,8,8,8,60,61,61,61,61,19,1,1,1,1,63,62,62,62,62,6,1,1,1,1,61,62,62,62,62,24,1,1,1,1,64,62,62,62,62,7,1,1,1,1,61,62,62,62,62,33,8,8,8,8,63,59,59,59,59,9,4,4,4,4,60,61,61,61,61,39,16,16,16,16,61,57,57,57,0,1,1,1,1,16,62,62,62,62,59,3,3,3,3,17,62,62,62,62,59,3,3,3,3,15,62,62,62,62,51,1,1,1,1,31,62,62,62,62,54,1,1,1,1,31,62,62,62,62,68
65,62,62,62,62,10,1,1,1,1,63,62,62,62,62,14,1,1,1,1,60,62,62,62,62,13,1,1,1,1,62,62,62,62,62,17,1,1,1,1,62,63,63,63,63,22,9,9,9,9,63,63,63,63,63,32,14,14,14,14,60,63,63,63,63,20,3,3,3,3,61,63,63,63,63,25,5,5,5,5,59,62,62,62,62,18,1,1,1,1,61,62,62,62,62,21,1,1,1,1,59,62,62,62,62,17,1,1,1,1,0,61,61,61,64,20,20,20,20,36,62,62,62,62,61,1,1,1,1,7,64,64,64,64,65,7,7,7,7,35,60,60,60,60,58,3,3,3,3,17,64,64,64,64,67,13,13,13,13,31
65,62,62,62,62,10,1,1,1,1,63,62,62,62,62,14,1,1,1,1,60,62,62,62,62,13,1,1,1,1,62,62,62,62,62,17,1,1,1,1,60,62,62,62,62,14,1,1,1,1,62,62,62,62,62,19,1,1,1,1,59,62,62,62,62,17,1,1,1,1,61,62,62,62,62,22,1,1,1,1,59,62,62,62,62,18,1,1,1,1,61,62,62,62,62,21,1,1,1,1,59,62,62,62,62,17,1,1,1,1,61,0,62,62,64,1,1,1,1,20,62,62,62,62,61,1,1,1,1,7,62,62,62,62,64,1,1,1,1,31,62,62,62,62,60,1,1,1,1,15,62,62,62,62,66,1,1,1,1,19
65,62,62,62,62,10,1,1,1,1,63,62,62,62,62,14,1,1,1,1,60,62,62,62,62,13,1,1,1,1,62,62,62,62,62,17,1,1,1,1,60,62,62,62,62,14,1,1,1,1,62,62,62,62,62,19,1,1,1,1,59,62,62,62,62,17,1,1,1,1,61,62,62,62,62,22,1,1,1,1,59,62,62,62,62,18,1,1,1,1,61,62,62,62,62,21,1,1,1,1,59,62,62,62,62,17,1,1,1,1,61,62,0,62,64,1,1,1,1,20,62,62,62,62,61,1,1,1,1,7,62,62,62,62,64,1,1,1,1,31,62,62,62,62,60,1,1,1,1,15,62,62,62,62,66,1,1,1,1,19
65,62,62,62,62,10,1,1,1,1,63,62,62,62,62,14,1,1,1,1,60,62,62,62,62,13,1,1,1,1,62,62,62,62,62,17,1,1,1,1,60,62,62,62,62,14,1,1,1,1,62,62,62,62,62,19,1,1,1,1,59,62,62,62,62,17,1,1,1,1,61,62,62,62,62,22,1,1,1,1,59,62,62,62,62,18,1,1,1,1,61,62,62,62,62,21,1,1,1,1,59,62,62,62,62,17,1,1,1,1,61,62,62,0,64,1,1,1,1,20,62,62,62,62,61,1,1,1,1,7,62,62,62,62,64,1,1,1,1,31,62,62,62,62,60,1,1,1,1,15,62,62,62,62,66,1,1,1,1,19
66,63,63,63,63,15,6,6,6,6,65,63,63,63,63,20,6,6,6,6,63,64,64,64,64,26,16,16,16,16,65,64,64,64,64,31,16,16,16,16,61,62,62,62,62,14,1,1,1,1,62,62,62,62,62,19,1,1,1,1,59,62,62,62,62,17,1,1,1,1,61,62,62,62,62,22,1,1,1,1,60,63,63,63,63,23,6,6,6,6,63,63,63,63,63,25,6,6,6,6,62,64,64,64,64,31,16,16,16,16,64,64,64,64,0,1,1,1,1,20,62,62,62,62,61,1,1,1,1,7,62,62,62,62,64,1,1,1,1,31,62,62,62,62,60,1,1,1,1,15,62,62,62,62,66,1,1,1,1,19
9,1,1,1,1,64,62,62,62,62,14,1,1,1,1,63,62,62,62,62,15,1,1,1,1,64,62,62,62,62,17,1,1,1,1,64,62,62,62,62,30,14,14,14,14,65,63,63,63,63,31,14,14,14,14,66,63,63,63,63,24,6,6,6,6,65,63,63,63,63,26,6,6,6,6,65,63,63,63,63,21,1,1,1,1,64,62,62,62,62,21,1,1,1,1,65,62,62,62,62,20,1,1,1,1,64,62,62,62,62,20,1,1,1,1,0,64,64,64,54,3,3,3,3,8,61,61,61,61,61,5,5,5,5,17,63,63,63,63,45,6,6,6,6,21,61,61,61,61,60,13,13,13,13,40,64,64,64,64,69
9,1,1,1,1,64,62,62,62,62,14,1,1,1,1,63,62,62,62,62,15,1,1,1,1,64,62,62,62,62,17,1,1,1,1,64,62,62,62,62,16,1,1,1,1,63,62,62,62,62,18,1,1,1,1,64,62,62,62,62,19,1,1,1,1,64,62,62,62,62,21,1,1,1,1,65,62,62,62,62,21,1,1,1,1,64,62,62,62,62,21,1,1,1,1,65,62,62,62,62,20,1,1,1,1,64,62,62,62,62,20,1,1,1,1,64,0,62,62,51,1,1,1,1,7,62,62,62,62,61,1,1,1,1,13,62,62,62,62,43,1,1,1,1,16,62,62,62,62,60,1,1,1,1,31,62,62,62,62,68
9,1,1,1,1,64,62,62,62,62,14,1,1,1,1,63,62,62,62,62,15,1,1,1,1,64,62,62,62,62,17,1,1,1,1,64,62,62,62,62,16,1,1,1,1,63,62,62,62,62,18,1,1,1,1,64,62,62,62,62,19,1,1,1,1,64,62,62,62,62,21,1,1,1,1,65,62,62,62,62,21,1,1,1,1,64,62,62,62,62,21,1,1,1,1,65,62,62,62,62,20,1,1,1,1,64,62,62,62,62,20,1,1,1,1,64,62,0,62,51,1,1,1,1,7,62,62,62,62,61,1,1,1,1,13,62,62,62,62,43,1,1,1,1,16,62,62,62,62,60,1,1,1,1,31,62,62,62,62,68
9,1,1,1,1,64,62,62,62,62,14,1,1,1,1,63,62,62,62,62,15,1,1,1,1,64,62,62,62,62,17,1,1,1,1,64,62,62,62,62,16,1,1,1,1,63,62,62,62,62,18,1,1,1,1,64,62,62,62,62,19,1,1,1,1,64,62,62,62,62,21,1,1,1,1,65,62,62,62,62,21,1,1,1,1,64,62,62,62,62,21,1,1,1,1,65,62,62,62,62,20,1,1,1,1,64,62,62,62,62,20,1,1,1,1,64,62,62,0,51,1,1,1,1,7,62,62,62,62,61,1,1,1,1,13,62,62,62,62,43,1,1,1,1,16,62,62,62,62,60,1,1,1,1,31,62,62,62,62,68
15,6,6,6,6,62,60,60,60,60,21,8,8,8,8,59,57,57,57,57,28,14,14,14,14,59,58,58,58,59,32,20,20,20,20,55,51,51,51,53,15,1,1,1,1,63,62,62,62,62,18,1,1,1,1,64,62,62,62,62,19,1,1,1,1,64,62,62,62,62,21,1,1,1,1,65,62,62,62,62,27,6,6,6,6,63,60,60,60,60,28,8,8,8,8,60,57,57,57,57,34,14,14,14,14,60,58,58,58,59,36,20,20,20,20,54,51,51,51,0,1,1,1,1,7,62,62,62,62,61,1,1,1,1,14,62,62,62,62,42,1,1,1,1,16,62,62,62,62,60,1,1,1,1,31,62,62,62,62,68
62,62,62,62,63,1,1,1,1,6,62,62,62,62,62,1,1,1,1,1,62,62,62,62,62,1,1,1,1,5,62,62,62,62,62,2,1,1,1,1,64,63,63,63,63,9,9,9,9,12,61,61,61,61,61,3,1,1,1,1,64,63,63,63,63,6,4,4,4,6,62,62,62,62,62,4,1,1,1,1,62,62,62,62,62,4,1,1,1,2,62,62,62,62,62,4,1,1,1,1,62,62,62,62,62,3,1,1,1,3,62,62,62,62,62,3,1,1,1,1,0,63,63,63,63,19,4,4,4,4,65,63,63,63,63,19,4,4,4,4,57,59,59,59,59,12,12,12,12,13,62,62,62,62,62,11,11,11,11,11
62,62,62,62,63,1,1,1,1,6,62,62,62,62,62,1,1,1,1,1,62,62,62,62,62,1,1,1,1,5,62,62,62,62,62,2,1,1,1,1,63,62,62,62,62,1,1,1,1,3,62,62,62,62,62,3,1,1,1,1,63,62,62,62,62,3,1,1,1,2,62,62,62,62,62,4,1,1,1,1,60,62,62,62,62,4,1,1,1,2,62,62,62,62,62,4,1,1,1,1,62,62,62,62,62,3,1,1,1,3,62,62,62,62,62,3,1,1,1,1,63,0,62,62,62,16,1,1,1,1,64,62,62,62,62,16,1,1,1,2,62,62,62,62,62,1,1,1,1,2,62,62,62,62,62,1,1,1,1,1
62,62,62,62,63,1,1,1,1,6,62,62,62,62,62,1,1,1,1,1,62,62,62,62,62,1,1,1,1,5,62,62,62,62,62,2,1,1,1,1,63,62,62,62,62,1,1,1,1,3,62,62,62,62,62,3,1,1,1,1,63,62,62,62,62,3,1,1,1,2,62,62,62,62,62,4,1,1,1,1,60,62,62,62,62,4,1,1,1,2,62,62,62,62,62,4,1,1,1,1,62,62,62,62,62,3,1,1,1,3,62,62,62,62,62,3,1,1,1,1,63,62,0,62,62,16,1,1,1,1,64,62,62,62,62,16,1,1,1,2,62,62,62,62,62,1,1,1,1,2,62,62,62,62,62,1,1,1,1,1
62,62,62,62,63,1,1,1,1,6,62,62,62,62,62,1,1,1,1,1,62,62,62,62,62,1,1,1,1,5,62,62,62,62,62,2,1,1,1,1,63,62,62,62,62,1,1,1,1,3,62,62,62,62,62,3,1,1,1,1,63,62,62,62,62,3,1,1,1,2,62,62,62,62,62,4,1,1,1,1,60,62,62,62,62,4,1,1,1,2,62,62,62,62,62,4,1,1,1,1,62,62,62,62,62,3,1,1,1,3,62,62,62,62,62,3,1,1,1,1,63,62,62,0,62,16,1,1,1,1,64,62,62,62,62,16,1,1,1,2,62,62,62,62,62,1,1,1,1,2,62,62,62,62,62,1,1,1,1,1
63,63,63,63,64,6,6,6,6,12,61,61,61,61,61,4,4,4,4,3,64,63,63,63,64,14,14,14,14,19,61,61,61,61,61,7,7,7,7,7,63,62,62,62,62,1,1,1,1,3,62,62,62,62,62,3,1,1,1,1,63,62,62,62,62,3,1,1,1,2,62,62,62,62,62,4,1,1,1,1,61,63,63,63,63,9,6,6,6,8,61,61,61,61,61,5,4,4,4,4,65,63,63,63,63,15,14,14,14,17,61,61,61,61,61,8,7,7,7,7,63,62,62,62,0,16,1,1,1,1,64,62,62,62,62,16,1,1,1,2,62,62,62,62,62,1,1,1,1,2,62,62,62,62,62,1,1,1,1,1
1,1,1,1,5,62,62,62,62,64,1,1,1,1,1,62,62,62,62,62,2,1,1,1,3,62,62,62,62,63,1,1,1,1,1,61,62,62,62,62,18,16,16,16,16,64,64,64,64,65,8,8,8,8,8,61,61,61,61,61,11,6,6,6,6,63,63,63,63,63,4,4,4,4,4,61,61,61,61,61,6,1,1,1,1,62,62,62,62,62,1,1,1,1,1,61,62,62,62,62,6,1,1,1,1,62,62,62,62,62,1,1,1,1,1,61,62,62,62,62,19,16,16,16,16,0,62,62,62,62,9,1,1,1,1,64,62,62,62,62,8,8,8,8,8,63,63,63,63,63,8,8,8,8,8,63,63,63,63,63
1,1,1,1,5,62,62,62,62,64,1,1,1,1,1,62,62,62,62,62,2,1,1,1,3,62,62,62,62,63,1,1,1,1,1,61,62,62,62,62,3,1,1,1,1,62,62,62,62,63,1,1,1,1,1,61,62,62,62,62,5,1,1,1,1,62,62,62,62,62,1,1,1,1,1,61,62,62,62,62,8,1,1,1,1,62,62,62,62,62,1,1,1,1,1,61,62,62,62,62,6,1,1,1,1,62,62,62,62,62,1,1,1,1,1,61,62,62,62,62,4,1,1,1,1,62,0,62,62,62,9,1,1,1,1,64,62,62,62,61,1,1,1,1,2,62,62,62,62,61,1,1,1,1,1,62,62,62,62,62
1,1,1,1,5,62,62,62,62,64,1,1,1,1,1,62,62,62,62,62,2,1,1,1,3,62,62,62,62,63,1,1,1,1,1,61,62,62,62,62,3,1,1,1,1,62,62,62,62,63,1,1,1,1,1,61,62,62,62,62,5,1,1,1,1,62,62,62,62,62,1,1,1,1,1,61,62,62,62,62,8,1,1,1,1,62,62,62,62,62,1,1,1,1,1,61,62,62,62,62,6,1,1,1,1,62,62,62,62,62,1,1,1,1,1,61,62,62,62,62,4,1,1,1,1,62,62,0,62,62,9,1,1,1,1,64,62,62,62,61,1,1,1,1,2,62,62,62,62,61,1,1,1,1,1,62,62,62,62,62
1,1,1,1,5,62,62,62,62,64,1,1,1,1,1,62,62,62,62,62,2,1,1,1,3,62,62,62,62,63,1,1,1,1,1,61,62,62,62,62,3,1,1,1,1,62,62,62,62,63,1,1,1,1,1,61,62,62,62,62,5,1,1,1,1,62,62,62,62,62,1,1,1,1,1,61,62,62,62,62,8,1,1,1,1,62,62,62,62,62,1,1,1,1,1,61,62,62,62,62,6,1,1,1,1,62,62,62,62,62,1,1,1,1,1,61,62,62,62,62,4,1,1,1,1,62,62,62,0,62,9,1,1,1,1,64,62,62,62,61,1,1,1,1,2,62,62,62,62,61,1,1,1,1,1,62,62,62,62,62
5,5,5,5,8,60,60,60,60,63,3,3,3,3,3,61,61,61,61,61,15,14,14,14,15,58,58,58,58,59,7,7,7,7,7,61,61,61,61,61,3,1,1,1,1,62,62,62,62,63,1,1,1,1,1,61,62,62,62,62,5,1,1,1,1,62,62,62,62,62,1,1,1,1,1,61,62,62,62,62,12,5,5,5,5,62,60,60,60,61,3,3,3,3,3,61,61,61,61,61,20,14,14,14,14,59,58,58,58,59,7,7,7,7,7,61,61,61,61,61,4,1,1,1,1,62,62,62,62,0,13,4,4,4,4,65,63,63,63,62,1,1,1,1,2,62,62,62,62,61,1,1,1,1,1,62,62,62,62,62
62,62,62,62,63,1,1,1,1,6,63,62,62,62,62,1,1,1,1,3,62,62,62,62,62,1,1,1,1,5,63,62,62,62,62,3,1,1,1,2,65,64,64,64,64,9,9,9,9,12,65,64,64,64,64,18,15,15,15,15,65,63,63,63,63,6,5,5,5,6,64,63,63,63,63,13,8,8,8,8,63,62,62,62,62,4,1,1,1,2,64,62,62,62,62,6,1,1,1,1,62,62,62,62,62,3,1,1,1,3,64,62,62,62,62,5,1,1,1,1,65,64,64,64,64,9,9,9,9,13,0,63,63,63,63,20,6,6,6,6,60,61,61,61,62,2,2,2,2,2,64,64,64,64,64,10,10,10,10,10
62,62,62,62,63,1,1,1,1,6,63,62,62,62,62,1,1,1,1,3,62,62,62,62,62,1,1,1,1,5,63,62,62,62,62,3,1,1,1,2,63,62,62,62,62,1,1,1,1,3,64,62,62,62,62,5,1,1,1,1,63,62,62,62,62,3,1,1,1,2,64,62,62,62,62,8,1,1,1,1,62,62,62,62,62,4,1,1,1,2,64,62,62,62,62,6,1,1,1,1,62,62,62,62,62,3,1,1,1,3,64,62,62,62,62,5,1,1,1,1,63,62,62,62,62,1,1,1,1,4,63,0,62,62,62,16,1,1,1,3,62,62,62,62,62,1,1,1,1,2,62,62,62,62,62,1,1,1,1,1
62,62,62,62,63,1,1,1,1,6,63,62,62,62,62,1,1,1,1,3,62,62,62,62,62,1,1,1,1,5,63,62,62,62,62,3,1,1,1,2,63,62,62,62,62,1,1,1,1,3,64,62,62,62,62,5,1,1,1,1,63,62,62,62,62,3,1,1,1,2,64,62,62,62,62,8,1,1,1,1,62,62,62,62,62,4,1,1,1,2,64,62,62,62,62,6,1,1,1,1,62,62,62,62,62,3,1,1,1,3,64,62,62,62,62,5,1,1,1,1,63,62,62,62,62,1,1,1,1,4,63,62,0,62,62,16,1,1,1,3,62,62,62,62,62,1,1,1,1,2,62,62,62,62,62,1,1,1,1,1
62,62,62,62,63,1,1,1,1,6,63,62,62,62,62,1,1,1,1,3,62,62,62,62,62,1,1,1,1,5,63,62,62,62,62,3,1,1,1,2,63,62,62,62,62,1,1,1,1,3,64,62,62,62,62,5,1,1,1,1,63,62,62,62,62,3,1,1,1,2,64,62,62,62,62,8,1,1,1,1,62,62,62,62,62,4,1,1,1,2,64,62,62,62,62,6,1,1,1,1,62,62,62,62,62,3,1,1,1,3,64,62,62,62,62,5,1,1,1,1,63,62,62,62,62,1,1,1,1,4,63,62,62,0,62,16,1,1,1,3,62,62,62,62,62,1,1,1,1,2,62,62,62,62,62,1,1,1,1,1
63,63,63,63,64,5,5,5,5,10,64,63,63,63,63,5,5,5,5,7,65,64,64,64,64,13,13,13,13,17,65,64,64,64,64,15,13,13,13,15,63,62,62,62,62,1,1,1,1,3,64,62,62,62,62,5,1,1,1,1,63,62,62,62,62,3,1,1,1,2,64,62,62,62,62,8,1,1,1,1,63,63,63,63,63,8,5,5,5,6,65,63,63,63,63,10,5,5,5,5,65,64,64,64,64,15,13,13,13,15,65,64,64,64,64,17,13,13,13,14,63,62,62,62,62,1,1,1,1,4,63,62,62,62,0,16,1,1,1,3,62,62,62,62,62,1,1,1,1,2,62,62,62,62,62,1,1,1,1,1
1,1,1,1,5,62,62,62,62,64,3,1,1,1,1,62,62,62,62,63,2,1,1,1,3,62,62,62,62,63,5,1,1,1,1,62,62,62,62,62,18,16,16,16,16,64,64,64,64,65,21,16,16,16,16,65,64,64,64,64,11,8,8,8,8,64,63,63,63,64,14,8,8,8,8,65,63,63,63,63,6,1,1,1,1,62,62,62,62,62,8,1,1,1,1,63,62,62,62,62,6,1,1,1,1,62,62,62,62,62,7,1,1,1,1,63,62,62,62,62,19,16,16,16,16,64,64,64,64,65,20,16,16,16,16,0,62,62,62,62,5,5,5,5,5,61,61,61,61,61,10,10,10,10,10,64,64,64,64,64
1,1,1,1,5,62,62,62,62,64,3,1,1,1,1,62,62,62,62,63,2,1,1,1,3,62,62,62,62,63,5,1,1,1,1,62,62,62,62,62,3,1,1,1,1,62,62,62,62,63,6,1,1,1,1,63,62,62,62,62,5,1,1,1,1,62,62,62,62,62,8,1,1,1,1,63,62,62,62,62,7,1,1,1,1,62,62,62,62,62,8,1,1,1,1,63,62,62,62,62,6,1,1,1,1,62,62,62,62,62,7,1,1,1,1,63,62,62,62,62,4,1,1,1,1,62,62,62,62,63,6,1,1,1,1,62,0,62,62,60,1,1,1,1,2,62,62,62,62,62,1,1,1,1,1,62,62,62,62,62
1,1,1,1,5,62,62,62,62,64,3,1,1,1,1,62,62,62,62,63,2,1,1,1,3,62,62,62,62,63,5,1,1,1,1,62,62,62,62,62,3,1,1,1,1,62,62,62,62,63,6,1,1,1,1,63,62,62,62,62,5,1,1,1,1,62,62,62,62,62,8,1,1,1,1,63,62,62,62,62,7,1,1,1,1,62,62,62,62,62,8,1,1,1,1,63,62,62,62,62,6,1,1,1,1,62,62,62,62,62,7,1,1,1,1,63,62,62,62,62,4,1,1,1,1,62,62,62,62,63,6,1,1,1,1,62,62,0,62,60,1,1,1,1,2,62,62,62,62,62,1,1,1,1,1,62,62,62,62,62
1,1,1,1,5,62,62,62,62,64,3,1,1,1,1,62,62,62,62,63,2,1,1,1,3,62,62,62,62,63,5,1,1,1,1,62,62,62,62,62,3,1,1,1,1,62,62,62,62,63,6,1,1,1,1,63,62,62,62,62,5,1,1,1,1,62,62,62,62,62,8,1,1,1,1,63,62,62,62,62,7,1,1,1,1,62,62,62,62,62,8,1,1,1,1,63,62,62,62,62,6,1,1,1,1,62,62,62,62,62,7,1,1,1,1,63,62,62,62,62,4,1,1,1,1,62,62,62,62,63,6,1,1,1,1,62,62,62,0,60,1,1,1,1,2,62,62,62,62,62,1,1,1,1,1,62,62,62,62,62
12,12,12,12,15,53,53,53,53,55,23,21,21,21,21,47,46,46,46,46,22,20,20,20,23,51,51,51,51,51,34,31,31,31,31,43,43,43,43,43,3,2,2,2,2,62,61,61,61,62,6,3,3,3,3,63,60,60,60,60,9,6,6,6,6,57,57,57,57,57,16,10,10,10,10,53,53,53,53,53,18,12,12,12,12,54,53,53,53,52,26,21,21,21,21,48,46,46,46,46,25,20,20,20,20,51,51,51,51,51,35,31,31,31,31,45,43,43,43,42,4,2,2,2,2,62,61,61,61,62,6,3,3,3,3,62,60,60,60,0,1,1,1,1,2,62,62,62,62,62,1,1,1,1,1,62,62,62,62,62
63,62,62,62,62,3,1,1,1,2,62,62,62,62,62,4,1,1,1,1,60,62,62,62,62,5,1,1,1,1,62,62,62,62,62,5,1,1,1,1,58,62,62,62,62,8,1,1,1,1,59,62,62,62,62,6,1,1,1,1,57,62,62,62,62,10,1,1,1,1,59,62,62,62,62,7,1,1,1,1,56,62,62,62,62,11,1,1,1,1,59,62,62,62,62,7,1,1,1,1,57,62,62,62,62,10,1,1,1,1,60,62,62,62,62,6,1,1,1,1,57,62,62,62,62,8,1,1,1,1,60,62,62,62,62,5,1,1,1,1,0,58,58,58,62,12,12,12,12,19,61,61,61,61,63,10,10,10,10,15
63,62,62,62,62,3,1,1,1,2,62,62,62,62,62,4,1,1,1,1,60,62,62,62,62,5,1,1,1,1,62,62,62,62,62,5,1,1,1,1,58,62,62,62,62,8,1,1,1,1,60,62,62,62,62,6,1,1,1,1,57,62,62,62,62,10,1,1,1,1,59,62,62,62,62,7,1,1,1,1,56,62,62,62,62,11,1,1,1,1,59,62,62,62,62,7,1,1,1,1,57,62,62,62,62,10,1,1,1,1,60,62,62,62,62,6,1,1,1,1,59,62,62,62,62,8,1,1,1,1,61,62,62,62,62,5,1,1,1,1,58,0,62,62,64,1,1,1,1,10,62,62,62,62,64,1,1,1,1,6
63,62,62,62,62,3,1,1,1,2,62,62,62,62,62,4,1,1,1,1,60,62,62,62,62,5,1,1,1,1,62,62,62,62,62,5,1,1,1,1,58,62,62,62,62,8,1,1,1,1,60,62,62,62,62,6,1,1,1,1,57,62,62,62,62,10,1,1,1,1,59,62,62,62,62,7,1,1,1,1,56,62,62,62,62,11,1,1,1,1,59,62,62,62,62,7,1,1,1,1,57,62,62,62,62,10,1,1,1,1,60,62,62,62,62,6,1,1,1,1,59,62,62,62,62,8,1,1,1,1,61,62,62,62,62,5,1,1,1,1,58,62,0,62,64,1,1,1,1,10,62,62,62,62,64,1,1,1,1,6
63,62,62,62,62,3,1,1,1,2,62,62,62,62,62,4,1,1,1,1,60,62,62,62,62,5,1,1,1,1,62,62,62,62,62,5,1,1,1,1,58,62,62,62,62,8,1,1,1,1,60,62,62,62,62,6,1,1,1,1,57,62,62,62,62,10,1,1,1,1,59,62,62,62,62,7,1,1,1,1,56,62,62,62,62,11,1,1,1,1,59,62,62,62,62,7,1,1,1,1,57,62,62,62,62,10,1,1,1,1,60,62,62,62,62,6,1,1,1,1,59,62,62,62,62,8,1,1,1,1,61,62,62,62,62,5,1,1,1,1,58,62,62,0,64,1,1,1,1,10,62,62,62,62,64,1,1,1,1,6
65,65,65,65,65,23,22,22,22,23,60,61,61,61,61,12,11,11,11,11,66,66,66,66,66,34,31,31,31,31,60,60,60,60,60,21,16,16,16,16,61,62,62,62,62,8,2,2,2,2,61,62,62,62,62,6,2,2,2,2,60,64,64,64,64,18,10,10,10,10,60,61,61,61,61,10,5,5,5,5,59,65,65,65,65,30,22,22,22,22,59,61,61,61,61,17,11,11,11,11,61,66,66,66,66,39,31,31,31,31,58,60,60,60,60,21,16,16,16,16,59,62,62,62,62,8,2,2,2,2,62,62,62,62,62,5,2,2,2,2,62,64,64,64,0,1,1,1,1,10,62,62,62,62,64,1,1,1,1,6
5,1,1,1,1,62,62,62,62,62,1,1,1,1,1,61,62,62,62,62,8,1,1,1,1,63,62,62,62,62,1,1,1,1,1,61,62,62,62,62,12,1,1,1,1,63,62,62,62,62,3,1,1,1,1,61,62,62,62,62,15,1,1,1,1,64,62,62,62,62,4,1,1,1,1,61,62,62,62,62,18,1,1,1,1,64,62,62,62,62,4,1,1,1,1,61,62,62,62,62,16,1,1,1,1,64,62,62,62,62,3,1,1,1,1,61,62,62,62,62,12,1,1,1,1,63,62,62,62,62,2,1,1,1,1,61,62,62,62,62,12,1,1,1,1,0,63,63,63,61,6,6,6,6,15,63,63,63,63,65
5,1,1,1,1,62,62,62,62,62,1,1,1,1,1,61,62,62,62,62,8,1,1,1,1,63,62,62,62,62,1,1,1,1,1,61,62,62,62,62,12,1,1,1,1,63,62,62,62,62,3,1,1,1,1,61,62,62,62,62,15,1,1,1,1,64,62,62,62,62,4,1,1,1,1,61,62,62,62,62,18,1,1,1,1,64,62,62,62,62,4,1,1,1,1,61,62,62,62,62,16,1,1,1,1,64,62,62,62,62,3,1,1,1,1,61,62,62,62,62,12,1,1,1,1,63,62,62,62,62,2,1,1,1,1,61,62,62,62,62,12,1,1,1,1,63,0,62,62,59,1,1,1,1,10,62,62,62,62,63
5,1,1,1,1,62,62,62,62,62,1,1,1,1,1,61,62,62,62,62,8,1,1,1,1,63,62,62,62,62,1,1,1,1,1,61,62,62,62,62,12,1,1,1,1,63,62,62,62,62,3,1,1,1,1,61,62,62,62,62,15,1,1,1,1,64,62,62,62,62,4,1,1,1,1,61,62,62,62,62,18,1,1,1,1,64,62,62,62,62,4,1,1,1,1,61,62,62,62,62,16,1,1,1,1,64,62,62,62,62,3,1,1,1,1,61,62,62,62,62,12,1,1,1,1,63,62,62,62,62,2,1,1,1,1,61,62,62,62,62,12,1,1,1,1,63,62,0,62,59,1,1,1,1,10,62,62,62,62,63
5,1,1,1,1,62,62,62,62,62,1,1,1,1,1,61,62,62,62,62,8,1,1,1,1,63,62,62,62,62,1,1,1,1,1,61,62,62,62,62,12,1,1,1,1,63,62,62,62,62,3,1,1,1,1,61,62,62,62,62,15,1,1,1,1,64,62,62,62,62,4,1,1,1,1,61,62,62,62,62,18,1,1,1,1,64,62,62,62,62,4,1,1,1,1,61,62,62,62,62,16,1,1,1,1,64,62,62,62,62,3,1,1,1,1,61,62,62,62,62,12,1,1,1,1,63,62,62,62,62,2,1,1,1,1,61,62,62,62,62,12,1,1,1,1,63,62,62,0,59,1,1,1,1,10,62,62,62,62,63
25,22,22,22,22,57,57,57,57,57,11,11,11,11,11,60,61,61,61,61,35,31,31,31,31,55,54,54,54,54,17,15,15,15,15,60,60,60,60,60,11,2,2,2,2,63,61,61,61,61,2,2,2,2,2,61,62,62,62,62,21,10,10,10,10,62,59,59,59,59,6,5,5,5,5,61,61,61,61,61,35,22,22,22,22,58,57,57,57,57,13,11,11,11,11,61,61,61,61,61,41,31,31,31,31,55,54,54,54,54,17,15,15,15,15,60,60,60,60,60,13,2,2,2,2,63,61,61,61,61,2,2,2,2,2,61,62,62,62,62,19,10,10,10,10,61,59,59,59,0,1,1,1,1,10,62,62,62,62,63
63,62,62,62,62,3,1,1,1,2,64,62,62,62,62,8,1,1,1,1,62,62,62,62,62,5,1,1,1,1,65,62,62,62,62,10,1,1,1,1,61,62,62,62,62,8,1,1,1,1,63,62,62,62,62,13,1,1,1,1,61,62,62,62,62,10,1,1,1,1,63,62,62,62,62,14,1,1,1,1,60,62,62,62,62,11,1,1,1,1,63,62,62,62,62,13,1,1,1,1,61,62,62,62,62,10,1,1,1,1,64,62,62,62,62,13,1,1,1,1,62,62,62,62,62,8,1,1,1,1,64,62,62,62,62,10,1,1,1,1,61,62,62,62,62,6,1,1,1,1,0,65,65,65,65,9,9,9,9,15
63,62,62,62,62,3,1,1,1,2,64,62,62,62,62,8,1,1,1,1,62,62,62,62,62,5,1,1,1,1,65,62,62,62,62,10,1,1,1,1,61,62,62,62,62,8,1,1,1,1,63,62,62,62,62,13,1,1,1,1,61,62,62,62,62,10,1,1,1,1,63,62,62,62,62,14,1,1,1,1,60,62,62,62,62,11,1,1,1,1,63,62,62,62,62,13,1,1,1,1,61,62,62,62,62,10,1,1,1,1,64,62,62,62,62,13,1,1,1,1,62,62,62,62,62,8,1,1,1,1,64,62,62,62,62,10,1,1,1,1,61,62,62,62,62,6,1,1,1,1,65,0,62,62,64,1,1,1,1,6
63,62,62,62,62,3,1,1,1,2,64,62,62,62,62,8,1,1,1,1,62,62,62,62,62,5,1,1,1,1,65,62,62,62,62,10,1,1,1,1,61,62,62,62,62,8,1,1,1,1,63,62,62,62,62,13,1,1,1,1,61,62,62,62,62,10,1,1,1,1,63,62,62,62,62,14,1,1,1,1,60,62,62,62,62,11,1,1,1,1,63,62,62,62,62,13,1,1,1,1,61,62,62,62,62,10,1,1,1,1,64,62,62,62,62,13,1,1,1,1,62,62,62,62,62,8,1,1,1,1,64,62,62,62,62,10,1,1,1,1,61,62,62,62,62,6,1,1,1,1,65,62,0,62,64,1,1,1,1,6
63,62,62,62,62,3,1,1,1,2,64,62,62,62,62,8,1,1,1,1,62,62,62,62,62,5,1,1,1,1,65,62,62,62,62,10,1,1,1,1,61,62,62,62,62,8,1,1,1,1,63,62,62,62,62,13,1,1,1,1,61,62,62,62,62,10,1,1,1,1,63,62,62,62,62,14,1,1,1,1,60,62,62,62,62,11,1,1,1,1,63,62,62,62,62,13,1,1,1,1,61,62,62,62,62,10,1,1,1,1,64,62,62,62,62,13,1,1,1,1,62,62,62,62,62,8,1,1,1,1,64,62,62,62,62,10,1,1,1,1,61,62,62,62,62,6,1,1,1,1,65,62,62,0,64,1,1,1,1,6
65,65,65,65,65,23,22,22,22,23,66,65,65,65,65,27,22,22,22,22,66,66,66,66,66,33,31,31,31,31,68,66,66,66,66,37,31,31,31,31,62,62,62,62,62,8,1,1,1,1,63,62,62,62,62,13,1,1,1,1,62,64,64,64,64,18,10,10,10,10,65,64,64,64,64,23,10,10,10,10,63,65,65,65,65,30,22,22,22,22,66,65,65,65,65,33,22,22,22,22,65,66,66,66,66,37,31,31,31,31,67,66,66,66,66,40,31,31,31,31,62,62,62,62,62,8,1,1,1,1,64,62,62,62,62,10,1,1,1,1,63,64,64,64,64,15,10,10,10,10,65,64,64,64,0,1,1,1,1,6
5,1,1,1,1,62,62,62,62,62,8,1,1,1,1,63,62,62,62,62,7,1,1,1,1,63,62,62,62,62,9,1,1,1,1,64,62,62,62,62,10,1,1,1,1,63,62,62,62,62,12,1,1,1,1,64,62,62,62,62,12,1,1,1,1,64,62,62,62,62,14,1,1,1,1,63,62,62,62,62,15,1,1,1,1,64,62,62,62,62,14,1,1,1,1,64,62,62,62,62,13,1,1,1,1,64,62,62,62,62,13,1,1,1,1,64,62,62,62,62,11,1,1,1,1,63,62,62,62,62,10,1,1,1,1,64,62,62,62,62,10,1,1,1,1,63,62,62,62,62,9,1,1,1,1,0,63,63,63,65
5,1,1,1,1,62,62,62,62,62,8,1,1,1,1,63,62,62,62,62,7,1,1,1,1,63,62,62,62,62,9,1,1,1,1,64,62,62,62,62,10,1,1,1,1,63,62,62,62,62,12,1,1,1,1,64,62,62,62,62,12,1,1,1,1,64,62,62,62,62,14,1,1,1,1,63,62,62,62,62,15,1,1,1,1,64,62,62,62,62,14,1,1,1,1,64,62,62,62,62,13,1,1,1,1,64,62,62,62,62,13,1,1,1,1,64,62,62,62,62,11,1,1,1,1,63,62,62,62,62,10,1,1,1,1,64,62,62,62,62,10,1,1,1,1,63,62,62,62,62,9,1,1,1,1,63,0,62,62,63
5,1,1,1,1,62,62,62,62,62,8,1,1,1,1,63,62,62,62,62,7,1,1,1,1,63,62,62,62,62,9,1,1,1,1,64,62,62,62,62,10,1,1,1,1,63,62,62,62,62,12,1,1,1,1,64,62,62,62,62,12,1,1,1,1,64,62,62,62,62,14,1,1,1,1,63,62,62,62,62,15,1,1,1,1,64,62,62,62,62,14,1,1,1,1,64,62,62,62,62,13,1,1,1,1,64,62,62,62,62,13,1,1,1,1,64,62,62,62,62,11,1,1,1,1,63,62,62,62,62,10,1,1,1,1,64,62,62,62,62,10,1,1,1,1,63,62,62,62,62,9,1,1,1,1,63,62,0,62,63
5,1,1,1,1,62,62,62,62,62,8,1,1,1,1,63,62,62,62,62,7,1,1,1,1,63,62,62,62,62,9,1,1,1,1,64,62,62,62,62,10,1,1,1,1,63,62,62,62,62,12,1,1,1,1,64,62,62,62,62,12,1,1,1,1,64,62,62,62,62,14,1,1,1,1,63,62,62,62,62,15,1,1,1,1,64,62,62,62,62,14,1,1,1,1,64,62,62,62,62,13,1,1,1,1,64,62,62,62,62,13,1,1,1,1,64,62,62,62,62,11,1,1,1,1,63,62,62,62,62,10,1,1,1,1,64,62,62,62,62,10,1,1,1,1,63,62,62,62,62,9,1,1,1,1,63,62,62,0,63
18,13,13,13,13,66,66,66,66,66,21,13,13,13,13,67,66,66,66,66,25,19,19,19,19,69,68,68,68,68,28,19,19,19,19,69,68,68,68,68,9,1,1,1,1,63,62,62,62,62,12,1,1,1,1,64,62,62,62,62,17,6,6,6,6,65,63,63,63,63,19,6,6,6,6,65,63,63,63,63,27,13,13,13,13,67,66,66,66,66,25,13,13,13,13,67,66,66,66,66,30,19,19,19,19,69,68,68,68,68,31,19,19,19,19,69,68,68,68,68,11,1,1,1,1,63,62,62,62,62,10,1,1,1,1,64,62,62,62,62,15,6,6,6,6,65,63,63,63,63,15,6,6,6,6,65,63,63,63,0
